-- phpMyAdmin SQL Dump
-- version 5.2.1
-- https://www.phpmyadmin.net/
--
-- 主機： 127.0.0.1
-- 產生時間： 2025-02-27 15:07:42
-- 伺服器版本： 8.0.40
-- PHP 版本： 8.1.25

SET SQL_MODE = "NO_AUTO_VALUE_ON_ZERO";
START TRANSACTION;
SET time_zone = "+00:00";


/*!40101 SET @OLD_CHARACTER_SET_CLIENT=@@CHARACTER_SET_CLIENT */;
/*!40101 SET @OLD_CHARACTER_SET_RESULTS=@@CHARACTER_SET_RESULTS */;
/*!40101 SET @OLD_COLLATION_CONNECTION=@@COLLATION_CONNECTION */;
/*!40101 SET NAMES utf8mb4 */;

--
-- 資料庫： `food`
--

-- --------------------------------------------------------

--
-- 資料表結構 `carts`
--

CREATE TABLE `carts` (
  `cart_id` int NOT NULL,
  `user_id` int DEFAULT NULL,
  `product_id` int DEFAULT NULL,
  `quantity` int NOT NULL DEFAULT '1',
  `unit_price` decimal(10,2) NOT NULL,
  `added_time` timestamp NULL DEFAULT CURRENT_TIMESTAMP,
  `cart_status` enum('active','expired','checked_out') CHARACTER SET utf8mb4 COLLATE utf8mb4_general_ci DEFAULT 'active',
  `expiration_time` timestamp NULL DEFAULT NULL
) ENGINE=InnoDB DEFAULT CHARSET=utf8mb4 COLLATE=utf8mb4_general_ci;

--
-- 傾印資料表的資料 `carts`
--

INSERT INTO `carts` (`cart_id`, `user_id`, `product_id`, `quantity`, `unit_price`, `added_time`, `cart_status`, `expiration_time`) VALUES
(1, 1, 1001, 3, 99.99, '2025-02-24 02:00:00', 'active', '2025-03-10 04:00:00'),
(2, 2, 1002, 2, 149.50, '2025-02-24 02:15:00', 'expired', '2025-02-25 06:30:00'),
(3, 3, 1003, 1, 299.00, '2025-02-24 02:30:00', 'checked_out', '2025-02-28 04:00:00'),
(4, 4, 1004, 4, 59.99, '2025-02-24 02:45:00', 'active', '2025-03-15 10:00:00'),
(5, 5, 1005, 2, 249.99, '2025-02-24 03:00:00', 'expired', '2025-02-18 01:00:00'),
(6, 6, 1006, 1, 399.50, '2025-02-24 03:15:00', 'active', '2025-03-20 08:00:00'),
(7, 7, 1007, 5, 79.99, '2025-02-24 03:30:00', 'checked_out', '2025-02-28 10:00:00'),
(8, 8, 1008, 2, 89.99, '2025-02-24 03:45:00', 'expired', '2025-02-23 06:00:00'),
(9, 9, 1009, 3, 159.00, '2025-02-24 04:00:00', 'active', '2025-03-25 12:00:00'),
(10, 10, 1010, 1, 499.99, '2025-02-24 04:15:00', 'expired', '2025-02-28 09:00:00'),
(11, 11, 1011, 1, 99.99, '2025-02-24 04:30:00', 'active', '2025-03-05 05:30:00'),
(12, 12, 1012, 4, 149.50, '2025-02-24 04:45:00', 'expired', '2025-02-15 03:00:00'),
(13, 13, 1013, 3, 299.00, '2025-02-24 05:00:00', 'active', '2025-03-02 23:00:00'),
(14, 14, 1014, 5, 59.99, '2025-02-24 05:15:00', 'expired', '2025-02-22 05:00:00'),
(15, 15, 1015, 1, 249.99, '2025-02-24 05:30:00', 'active', '2025-03-12 11:30:00'),
(16, 16, 1016, 2, 399.50, '2025-02-24 05:45:00', 'expired', '2025-02-25 08:45:00'),
(17, 17, 1017, 4, 79.99, '2025-02-24 06:00:00', 'active', '2025-03-30 14:00:00'),
(18, 18, 1018, 3, 89.99, '2025-02-24 06:15:00', 'active', '2025-03-08 02:00:00'),
(19, 19, 1019, 1, 159.00, '2025-02-24 06:30:00', 'expired', '2025-02-21 10:00:00'),
(20, 20, 1020, 2, 499.99, '2025-02-24 06:45:00', 'active', '2025-03-18 09:00:00'),
(21, 21, 1021, 1, 99.99, '2025-02-24 07:00:00', 'active', '2025-03-02 07:00:00'),
(22, 22, 1022, 3, 149.50, '2025-02-24 07:15:00', 'expired', '2025-02-24 06:00:00'),
(23, 23, 1023, 2, 299.00, '2025-02-24 07:30:00', 'active', '2025-03-10 12:00:00'),
(24, 24, 1024, 4, 59.99, '2025-02-24 07:45:00', 'active', '2025-03-16 03:30:00'),
(25, 25, 1025, 1, 249.99, '2025-02-24 08:00:00', 'expired', '2025-02-18 04:00:00'),
(26, 26, 1026, 3, 399.50, '2025-02-24 08:15:00', 'active', '2025-03-06 01:00:00'),
(27, 27, 1027, 2, 79.99, '2025-02-24 08:30:00', 'expired', '2025-02-27 06:00:00'),
(28, 28, 1028, 4, 89.99, '2025-02-24 08:45:00', 'active', '2025-03-24 05:30:00'),
(29, 29, 1029, 5, 159.00, '2025-02-24 09:00:00', 'expired', '2025-02-19 01:00:00'),
(30, 30, 1030, 3, 499.99, '2025-02-24 09:15:00', 'active', '2025-03-01 10:00:00'),
(31, 31, 1031, 1, 99.99, '2025-02-24 09:30:00', 'active', '2025-03-11 06:00:00'),
(32, 32, 1032, 2, 149.50, '2025-02-24 09:45:00', 'expired', '2025-02-28 07:00:00'),
(33, 33, 1033, 5, 299.00, '2025-02-24 10:00:00', 'active', '2025-03-20 04:00:00'),
(34, 34, 1034, 3, 59.99, '2025-02-24 10:15:00', 'expired', '2025-02-26 08:00:00'),
(35, 35, 1035, 4, 249.99, '2025-02-24 10:30:00', 'active', '2025-03-29 02:00:00'),
(36, 36, 1036, 1, 399.50, '2025-02-24 10:45:00', 'active', '2025-03-17 06:30:00'),
(37, 37, 1037, 5, 79.99, '2025-02-24 11:00:00', 'expired', '2025-02-23 03:00:00'),
(38, 38, 1038, 2, 89.99, '2025-02-24 11:15:00', 'active', '2025-03-14 04:00:00'),
(39, 39, 1039, 4, 159.00, '2025-02-24 11:30:00', 'active', '2025-03-09 08:00:00'),
(40, 40, 1040, 1, 499.99, '2025-02-24 11:45:00', 'expired', '2025-02-21 05:00:00'),
(41, 41, 1041, 3, 99.99, '2025-02-24 12:00:00', 'active', '2025-03-13 02:00:00'),
(42, 42, 1042, 1, 149.50, '2025-02-24 12:15:00', 'expired', '2025-02-25 01:00:00'),
(43, 43, 1043, 4, 299.00, '2025-02-24 12:30:00', 'active', '2025-03-27 06:30:00'),
(44, 44, 1044, 2, 59.99, '2025-02-24 12:45:00', 'expired', '2025-02-16 04:00:00'),
(45, 45, 1045, 3, 249.99, '2025-02-24 13:00:00', 'active', '2025-03-28 09:30:00'),
(46, 46, 1046, 2, 399.50, '2025-02-24 13:15:00', 'expired', '2025-02-24 07:30:00'),
(47, 47, 1047, 3, 79.99, '2025-02-24 13:30:00', 'active', '2025-03-11 03:00:00'),
(48, 48, 1048, 1, 89.99, '2025-02-24 13:45:00', 'expired', '2025-02-17 00:30:00'),
(49, 49, 1049, 2, 159.00, '2025-02-24 14:00:00', 'active', '2025-03-19 05:00:00'),
(50, 50, 1050, 4, 499.99, '2025-02-24 14:15:00', 'active', '2025-03-23 10:30:00');

-- --------------------------------------------------------

--
-- 資料表結構 `categories`
--

CREATE TABLE `categories` (
  `category_id` int NOT NULL,
  `name` varchar(50) CHARACTER SET utf8mb4 COLLATE utf8mb4_general_ci NOT NULL
) ENGINE=InnoDB DEFAULT CHARSET=utf8mb4 COLLATE=utf8mb4_general_ci;

--
-- 傾印資料表的資料 `categories`
--

INSERT INTO `categories` (`category_id`, `name`) VALUES
(1, '義大利料理'),
(2, '泰式料理'),
(3, '日式料理'),
(4, '法式料理'),
(5, '中式料理'),
(6, '美式料理'),
(7, '其他');

-- --------------------------------------------------------

--
-- 資料表結構 `chatmessages`
--

CREATE TABLE `chatmessages` (
  `id` int NOT NULL,
  `user_id` int NOT NULL,
  `message` text CHARACTER SET utf8mb4 COLLATE utf8mb4_general_ci NOT NULL,
  `message_type` enum('text','image','file') CHARACTER SET utf8mb4 COLLATE utf8mb4_general_ci DEFAULT 'text',
  `is_admin_reply` tinyint(1) DEFAULT '0',
  `created_at` timestamp NULL DEFAULT CURRENT_TIMESTAMP
) ENGINE=InnoDB DEFAULT CHARSET=utf8mb4 COLLATE=utf8mb4_general_ci;

--
-- 傾印資料表的資料 `chatmessages`
--

INSERT INTO `chatmessages` (`id`, `user_id`, `message`, `message_type`, `is_admin_reply`, `created_at`) VALUES
(1, 1, '您好！請問有什麼可以幫忙的嗎？', 'text', 0, '2025-02-25 00:30:00'),
(2, 2, '我想詢問有關食譜的問題。', 'text', 0, '2025-02-25 00:32:00'),
(3, 3, '請問你們的商品有提供無麩質選項嗎？', 'text', 0, '2025-02-25 00:35:00'),
(4, 4, '這個月有什麼特價商品嗎？', 'text', 0, '2025-02-25 00:40:00'),
(5, 5, '我對你們的松露油很有興趣，有沒有介紹的文章？', 'text', 0, '2025-02-25 00:45:00'),
(6, 6, '我想訂購一些橄欖油，能提供優惠嗎？', 'text', 0, '2025-02-25 00:50:00'),
(7, 7, '這些食材如何搭配更好？', 'text', 0, '2025-02-25 00:55:00'),
(8, 8, '我的訂單 #1024 好像沒有更新，請問有問題嗎？', 'text', 0, '2025-02-25 01:00:00'),
(9, 9, '能提供一些簡單的素食食譜嗎？', 'text', 0, '2025-02-25 01:05:00'),
(10, 10, '我希望更改我的訂單，可以嗎？', 'text', 0, '2025-02-25 01:10:00'),
(11, 11, '請問你們有沒有提供蛋白質粉？', 'text', 0, '2025-02-25 01:15:00'),
(12, 12, '我可以更改送貨地址嗎？', 'text', 0, '2025-02-25 01:20:00'),
(13, 13, '這裡有一個關於蘑菇食譜的問題，能幫忙嗎？', 'text', 0, '2025-02-25 01:25:00'),
(14, 14, '你們有促銷活動嗎？', 'text', 0, '2025-02-25 01:30:00'),
(15, 15, '可以給我一些無糖食譜建議嗎？', 'text', 0, '2025-02-25 01:35:00'),
(16, 16, '我訂購的商品延遲了，怎麼辦？', 'text', 0, '2025-02-25 01:40:00'),
(17, 17, '你們有無麩質小吃嗎？', 'text', 0, '2025-02-25 01:45:00'),
(18, 18, '我的訂單已經完成，能寄送到我的地址嗎？', 'text', 0, '2025-02-25 01:50:00'),
(19, 19, '請問可以提供一些推薦的早餐食譜嗎？', 'text', 0, '2025-02-25 01:55:00'),
(20, 20, '我的訂單應該已經處理完成，何時會送達？', 'text', 0, '2025-02-25 02:00:00'),
(21, 21, '我需要一份關於低糖食材的資料，能幫我提供嗎？', 'text', 0, '2025-02-25 02:05:00'),
(22, 22, '有沒有無乳製品的食譜？', 'text', 0, '2025-02-25 02:10:00'),
(23, 23, '能幫我看看這個食品的營養成分嗎？', 'text', 0, '2025-02-25 02:15:00'),
(24, 24, '我想訂一套初學者的烹飪材料包有推薦嗎？', 'text', 0, '2025-02-25 02:20:00'),
(25, 25, '能提供一些健康零食的推薦嗎？', 'text', 0, '2025-02-25 02:25:00'),
(26, 26, '請問有無糖義大利麵嗎？', 'text', 0, '2025-02-25 02:30:00'),
(27, 27, '我剛剛下單，發現送貨地址錯了，怎麼修改？', 'text', 0, '2025-02-25 02:35:00'),
(28, 28, '這是我的食材清單，請問能幫我搭配一些食譜嗎？', 'text', 0, '2025-02-25 02:40:00'),
(29, 29, '我有一個關於食品成分的問題，能解答嗎？', 'text', 0, '2025-02-25 02:45:00'),
(30, 30, '你們有提供定期訂購的服務嗎？', 'text', 0, '2025-02-25 02:50:00'),
(31, 31, '這款產品適合素食者嗎？', 'text', 0, '2025-02-25 02:55:00'),
(32, 32, '我有個付款問題，能協助解決嗎？', 'text', 0, '2025-02-25 03:00:00'),
(33, 33, '我的訂單沒有收到任何確認郵件，怎麼辦？', 'text', 0, '2025-02-25 03:05:00'),
(34, 34, '你們的蛋糕食譜有沒有無麩質版本？', 'text', 0, '2025-02-25 03:10:00'),
(35, 35, '這款產品的過敏原資訊是什麼？', 'text', 0, '2025-02-25 03:15:00'),
(36, 36, '請問可以使用哪些支付方式？', 'text', 0, '2025-02-25 03:20:00'),
(37, 37, '我訂單的追蹤號碼是多少？', 'text', 0, '2025-02-25 03:25:00'),
(38, 38, '你們有提供免費配送的活動嗎？', 'text', 0, '2025-02-25 03:30:00'),
(39, 39, '這個商品的保質期是多久？', 'text', 0, '2025-02-25 03:35:00'),
(40, 40, '我想取消我的訂單，可以嗎？', 'text', 0, '2025-02-25 03:40:00'),
(41, 41, '這裡是我拍的產品照片，請幫我查詢一下', 'image', 0, '2025-02-25 03:45:00'),
(42, 42, '我需要這些檔案作為購物參考，能幫我確認嗎？', 'file', 0, '2025-02-25 03:50:00'),
(43, 43, '我的帳單上有錯誤，能夠提供支援嗎？', 'text', 0, '2025-02-25 03:55:00'),
(44, 44, '有沒有適合孩子的健康食譜？', 'text', 0, '2025-02-25 04:00:00'),
(45, 45, '我的包裹收到了但破損了，請幫忙處理，謝謝！', 'text', 0, '2025-02-25 04:05:00'),
(46, 46, '我有個關於付款失敗的問題，怎麼處理？', 'text', 0, '2025-02-25 04:10:00'),
(47, 47, '能夠給我一個有關蘋果醋食譜的建議嗎？', 'text', 0, '2025-02-25 04:15:00'),
(48, 48, '這款產品適合過敏體質的人嗎？', 'text', 0, '2025-02-25 04:20:00'),
(49, 49, '我已經支付了款項，但訂單還沒有處理，請問怎麼辦？', 'text', 0, '2025-02-25 04:25:00'),
(50, 50, '你們是否有提供專業營養師的建議服務？', 'text', 0, '2025-02-25 04:30:00');

-- --------------------------------------------------------

--
-- 資料表結構 `contactus`
--

CREATE TABLE `contactus` (
  `id` int NOT NULL,
  `name` varchar(255) CHARACTER SET utf8mb4 COLLATE utf8mb4_general_ci NOT NULL,
  `email` varchar(255) CHARACTER SET utf8mb4 COLLATE utf8mb4_general_ci NOT NULL,
  `subject` varchar(255) CHARACTER SET utf8mb4 COLLATE utf8mb4_general_ci NOT NULL,
  `message` text CHARACTER SET utf8mb4 COLLATE utf8mb4_general_ci NOT NULL,
  `status` enum('pending','in_progress','resolved') CHARACTER SET utf8mb4 COLLATE utf8mb4_general_ci DEFAULT 'pending',
  `created_at` timestamp NULL DEFAULT CURRENT_TIMESTAMP
) ENGINE=InnoDB DEFAULT CHARSET=utf8mb4 COLLATE=utf8mb4_general_ci;

--
-- 傾印資料表的資料 `contactus`
--

INSERT INTO `contactus` (`id`, `name`, `email`, `subject`, `message`, `status`, `created_at`) VALUES
(1, '張偉民', 'zhangweimin@example.com', '產品詢問', '請問有關有機橄欖油的詳細資料嗎？', 'pending', '2025-02-25 00:30:00'),
(2, '李美婷', 'limeting@example.com', '訂單問題', '我收到的商品和訂單不符，能協助處理嗎？', 'in_progress', '2025-02-25 00:32:00'),
(3, '王志強', 'wangzhiqiang@example.com', '運送查詢', '我的訂單什麼時候會出貨？', 'pending', '2025-02-25 00:35:00'),
(4, '陳雲霞', 'chenyunxia@example.com', '帳號問題', '我無法登入我的帳號，請幫忙重設密碼。', 'resolved', '2025-02-25 00:40:00'),
(5, '李小敏', 'lixiaomin@example.com', '產品詢問', '你們的松露油目前有現貨嗎？', 'pending', '2025-02-25 00:45:00'),
(6, '楊志峰', 'yangzhifeng@example.com', '訂單取消', '我想取消訂單 #12456，可以協助嗎？', 'resolved', '2025-02-25 00:50:00'),
(7, '周淑華', 'zhoushuhua@example.com', '食譜建議', '有沒有推薦的藜麥食譜？', 'pending', '2025-02-25 00:55:00'),
(8, '孫浩宇', 'sunhaoyu@example.com', '退款請求', '我的訂單 #12457 是否能退費？', 'in_progress', '2025-02-25 01:00:00'),
(9, '朱文婷', 'zhuwenting@example.com', '產品詢問', '你們的無麩質義大利麵成分是什麼？', 'pending', '2025-02-25 01:05:00'),
(10, '吳俊傑', 'wujunjie@example.com', '帳號問題', '我忘記了我的密碼，能幫我重設嗎？', 'resolved', '2025-02-25 01:10:00'),
(11, '劉玉華', 'liuyuhua@example.com', '支付問題', '我在付款時被收費兩次，怎麼處理？', 'in_progress', '2025-02-25 01:15:00'),
(12, '高俊杰', 'gaojunjie@example.com', '訂單查詢', '我可以更改訂單的送貨地址嗎？', 'resolved', '2025-02-25 01:20:00'),
(13, '趙靜怡', 'zhaojingyi@example.com', '食譜建議', '有沒有素食咖哩的食譜可以推薦？', 'pending', '2025-02-25 01:25:00'),
(14, '馬麗娜', 'malina@example.com', '產品詢問', '乾燥香料的保質期是多少？', 'resolved', '2025-02-25 01:30:00'),
(15, '蔡雪雲', 'caixueyun@example.com', '運送查詢', '你們是否可以寄送到加拿大？', 'pending', '2025-02-25 01:35:00'),
(16, '張玲萍', 'zhanglingping@example.com', '產品供應', '有機香料可以批發購買嗎？', 'in_progress', '2025-02-25 01:40:00'),
(17, '方媛媛', 'fangyuanyuan@example.com', '訂單查詢', '訂單完成後多久會出貨呢？', 'resolved', '2025-02-25 01:45:00'),
(18, '許偉玲', 'xuweiling@example.com', '訂單問題', '為什麼我的訂單還沒有確認郵件？', 'pending', '2025-02-25 01:50:00'),
(19, '劉亞萍', 'liuyaiping@example.com', '帳號問題', '如何刪除我的帳戶呢？', 'in_progress', '2025-02-25 01:55:00'),
(20, '陳剛華', 'chenganghua@example.com', '產品詢問', '你們有香草味的無糖小吃嗎？', 'resolved', '2025-02-25 02:00:00'),
(21, '李東明', 'lidongming@example.com', '運送查詢', '為什麼我的包裹延遲了？', 'pending', '2025-02-25 02:05:00'),
(22, '林玉珍', 'linyuzhen@example.com', '產品供應', '你們是否提供乳製品免費的選擇？', 'resolved', '2025-02-25 02:10:00'),
(23, '沈冰雲', 'shenbingyun@example.com', '食譜建議', '能給我一個簡單的早餐食譜嗎？', 'pending', '2025-02-25 02:15:00'),
(24, '葉晨曦', 'yechenxi@example.com', '訂單問題', '我收到的商品有損壞，請協助處理。', 'in_progress', '2025-02-25 02:20:00'),
(25, '丁彥君', 'dingyanjun@example.com', '支付問題', '我的付款被拒絕了，但款項已經扣款，怎麼辦？', 'resolved', '2025-02-25 02:25:00'),
(26, '王芳玲', 'wangfangling@example.com', '產品詢問', '請問你們的椰漿含有什麼營養成分？', 'pending', '2025-02-25 02:30:00'),
(27, '彭鑫源', 'pengxinyuan@example.com', '訂單查詢', '如何追蹤我的訂單？', 'in_progress', '2025-02-25 02:35:00'),
(28, '郭飛翔', 'guofeixiang@example.com', '帳號問題', '我能更改帳戶中的電子郵件地址嗎？', 'resolved', '2025-02-25 02:40:00'),
(29, '李欣怡', 'lixinyi@example.com', '訂單取消', '我想取消訂單，在發貨前可以嗎？', 'pending', '2025-02-25 02:45:00'),
(30, '周鑫來', 'zhouxinlai@example.com', '產品詢問', '你們有賣無麩質的烘焙混合粉嗎？', 'resolved', '2025-02-25 02:50:00'),
(31, '宋娜娜', 'songnana@example.com', '食譜建議', '有推薦的義大利麵沙拉食譜嗎？', 'pending', '2025-02-25 02:55:00'),
(32, '黃強俊', 'huangqiangjun@example.com', '產品供應', '你們的薑粉什麼時候會再進貨？', 'in_progress', '2025-02-25 03:00:00'),
(33, '何倩雯', 'heqianwen@example.com', '運送查詢', '我可以選擇加急運送嗎？', 'pending', '2025-02-25 03:05:00'),
(34, '李曉陽', 'liaoyang@example.com', '退款請求', '我不小心買錯商品，能退費嗎？', 'resolved', '2025-02-25 03:10:00'),
(35, '陳超群', 'chenchaoshen@example.com', '帳號問題', '我更改了密碼後無法登入，怎麼處理？', 'in_progress', '2025-02-25 03:15:00'),
(36, '段慧雯', 'duanhuiwen@example.com', '產品詢問', '你們的產品是否含有人工防腐劑？', 'pending', '2025-02-25 03:20:00'),
(37, '葉晨彬', 'yechenbin@example.com', '訂單問題', '為什麼我的訂單還沒有送達？', 'resolved', '2025-02-25 03:25:00'),
(38, '李亞娜', 'liyana@example.com', '運送查詢', '國際運送需要多久？', 'pending', '2025-02-25 03:30:00'),
(39, '林青林', 'linqinglin@example.com', '產品供應', '你們有提供有機小吃嗎？', 'in_progress', '2025-02-25 03:35:00'),
(40, '王天宇', 'wangtianyu@example.com', '訂單問題', '我的訂單少了一個商品，能再補寄嗎？', 'resolved', '2025-02-25 03:40:00'),
(41, '劉佳欣', 'liujiapin@example.com', '訂單查詢', '能在下單後修改地址嗎？', 'pending', '2025-02-25 03:45:00'),
(42, '李金玲', 'lijinling@example.com', '食譜建議', '能給我一個無乳製品的蛋糕食譜嗎？', 'resolved', '2025-02-25 03:50:00'),
(43, '吳昊俊', 'wuhoujun@example.com', '運送查詢', '我能在訂單後更改送貨地址嗎？', 'pending', '2025-02-25 03:55:00'),
(44, '鄧勇剛', 'dengyonggang@example.com', '訂單取消', '訂單發貨後怎麼取消？', 'resolved', '2025-02-25 04:00:00'),
(45, '唐琳娜', 'tanglina@example.com', '產品詢問', '你們有賣無麩質的無糖點心嗎？', 'pending', '2025-02-25 04:05:00');

-- --------------------------------------------------------

--
-- 資料表結構 `food_products`
--

CREATE TABLE `food_products` (
  `product_id` int NOT NULL,
  `product_name` varchar(255) NOT NULL,
  `brand` varchar(100) NOT NULL,
  `category` varchar(50) NOT NULL,
  `price` decimal(10,2) NOT NULL,
  `original_price` decimal(10,2) DEFAULT NULL,
  `description` text,
  `specifications` text,
  `main_image_url` varchar(255) DEFAULT NULL,
  `stock_status` varchar(20) DEFAULT NULL,
  `keywords` text
) ENGINE=InnoDB DEFAULT CHARSET=utf8mb4 COLLATE=utf8mb4_0900_ai_ci;

--
-- 傾印資料表的資料 `food_products`
--

INSERT INTO `food_products` (`product_id`, `product_name`, `brand`, `category`, `price`, `original_price`, `description`, `specifications`, `main_image_url`, `stock_status`, `keywords`) VALUES
(1001, '有機紅蘿蔔', '綠森活', '蔬菜類', 39.00, 45.00, '新鮮有機紅蘿蔔，富含胡蘿蔔素和維生素A，適合煮湯或製作沙拉。', '產地: 台灣, 重量: 約300g/包', 'https://example.com/images/organic-carrot.jpg', '有貨', '有機 紅蘿蔔 蔬菜 健康 生鮮'),
(1002, '特級木瓜', '陽光鮮果', '水果類', 85.00, 95.00, '台灣在地種植的特級木瓜，肉質甜美細緻，營養豐富。', '產地: 台灣, 重量: 約600g/顆', 'https://example.com/images/premium-papaya.jpg', '有貨', '木瓜 水果 台灣 在地 營養'),
(1003, '日本A5和牛肋眼', '和風肉舖', '肉類', 1280.00, 1500.00, '日本進口A5等級和牛肋眼，油花分布均勻，入口即化。', '產地: 日本, 重量: 200g/包, 保存: 冷凍', 'https://example.com/images/japanese-wagyu.jpg', '有貨', '和牛 日本 A5 高級 肋眼 牛肉'),
(1004, '有機菠菜', '綠活天然', '蔬菜類', 45.00, 50.00, '無農藥栽種的有機菠菜，葉片翠綠飽滿，富含鐵質和葉酸。', '產地: 台灣, 重量: 約250g/包', 'https://example.com/images/organic-spinach.jpg', '有貨', '菠菜 有機 無農藥 鐵質 葉菜'),
(1005, '野生鮭魚片', '海之味', '海鮮類', 320.00, 350.00, '阿拉斯加野生鮭魚片，肉質鮮嫩多汁，富含Omega-3脂肪酸。', '產地: 阿拉斯加, 重量: 300g/包, 保存: 冷凍', 'https://example.com/images/wild-salmon.jpg', '有貨', '鮭魚 野生 阿拉斯加 Omega-3 健康'),
(1006, '特選黑豬五花肉', '台畜精選', '肉類', 180.00, 200.00, '台灣特選黑豬五花肉，肉質細嫩多汁，油花分布均勻。', '產地: 台灣, 重量: 300g/包, 保存: 冷藏', 'https://example.com/images/pork-belly.jpg', '有貨', '黑豬 五花肉 台灣 在地 烤肉'),
(1007, '有機糙米', '米鄉良品', '米/麵類', 129.00, 150.00, '台東有機種植的優質糙米，保留完整營養，香Q可口。', '產地: 台東, 重量: 2kg/包, 保存期限: 12個月', 'https://example.com/images/organic-brown-rice.jpg', '有貨', '糙米 有機 台東 健康 主食'),
(1008, '冷凍藍莓', '北極果園', '冷凍食品', 120.00, 135.00, '進口冷凍藍莓，新鮮速凍保留營養，適合製作果醬或烘焙。', '產地: 加拿大, 重量: 500g/包, 保存: 冷凍', 'https://example.com/images/frozen-blueberries.jpg', '有貨', '藍莓 冷凍 抗氧化 烘焙 水果'),
(1009, '橄欖油', '托斯卡尼', '調味品', 380.00, 420.00, '義大利特級初榨橄欖油，風味醇厚，適合涼拌或低溫烹調。', '產地: 義大利, 容量: 500ml, 酸度: 0.3%', 'https://example.com/images/olive-oil.jpg', '有貨', '橄欖油 初榨 義大利 健康 調味'),
(1010, '意大利麵', '帕斯達家', '米/麵類', 75.00, 85.00, '義大利進口杜蘭小麥製成，口感有嚼勁，適合各種義大利麵料理。', '產地: 義大利, 重量: 500g/包, 成分: 杜蘭小麥', 'https://example.com/images/pasta.jpg', '有貨', '義大利麵 進口 杜蘭小麥 主食 料理'),
(1011, '新鮮雞蛋', '快樂農場', '蛋類', 80.00, 85.00, '放養雞自然產下的新鮮雞蛋，蛋黃飽滿，營養豐富。', '產地: 台灣, 數量: 10顆/盒, 保存: 冷藏', 'https://example.com/images/fresh-eggs.jpg', '有貨', '雞蛋 放養 新鮮 營養 烹飪'),
(1012, '有機綠茶包', '自然茗品', '飲品原料', 150.00, 180.00, '有機認證綠茶葉，茶香清新淡雅，富含抗氧化物質。', '產地: 台灣, 重量: 20包/盒, 無添加', 'https://example.com/images/organic-green-tea.jpg', '有貨', '綠茶 有機 茶包 抗氧化 飲品'),
(1013, '生鮮板豆腐', '豆之味', '豆製品', 35.00, 40.00, '純天然製作的傳統板豆腐，質地細緻，富含植物蛋白質。', '產地: 台灣, 重量: 300g/盒, 保存: 冷藏', 'https://example.com/images/fresh-tofu.jpg', '有貨', '豆腐 植物蛋白 純天然 素食 料理'),
(1014, '冷凍海鮮什錦', '深海之味', '海鮮類', 350.00, 390.00, '精選各種新鮮海鮮速凍包裝，包含蝦、魷魚、貝類等。', '成分: 綜合海鮮, 重量: 500g/包, 保存: 冷凍', 'https://example.com/images/seafood-mix.jpg', '有貨', '海鮮 綜合 冷凍 火鍋 料理'),
(1015, '有機蘋果', '果園精選', '水果類', 95.00, 105.00, '有機種植無農藥蘋果，皮薄多汁，自然甜度高。', '產地: 紐西蘭, 重量: 4顆/包, 品種: 富士', 'https://example.com/images/organic-apples.jpg', '有貨', '蘋果 有機 無農藥 水果 健康'),
(1016, '手工麵包', '麥田烘焙', '烘焙食品', 60.00, 68.00, '手工製作歐式麵包，外酥內軟，使用天然酵母發酵。', '成分: 麵粉/酵母/鹽, 重量: 300g/個, 保存: 室溫', 'https://example.com/images/artisan-bread.jpg', '有貨', '麵包 手工 歐式 麵食 烘焙'),
(1017, '冷壓椰子油', '熱帶風情', '調味品', 280.00, 320.00, '冷壓萃取純椰子油，可用於烹飪或保養品製作。', '產地: 泰國, 容量: 500ml, 製程: 冷壓萃取', 'https://example.com/images/coconut-oil.jpg', '有貨', '椰子油 冷壓 天然 健康 多用途'),
(1018, '新鮮鱸魚', '海洋直送', '海鮮類', 220.00, 250.00, '新鮮捕撈的台灣鱸魚，肉質細嫩鮮甜，適合清蒸或煎煮。', '產地: 台灣, 重量: 約600g/尾, 保存: 冷藏', 'https://example.com/images/fresh-bass.jpg', '有貨', '鱸魚 新鮮 台灣 海鮮 蛋白質'),
(1019, '有機蜂蜜', '蜜蜂農場', '調味品', 420.00, 450.00, '純天然無添加有機蜂蜜，味道醇厚，營養豐富。', '產地: 台灣, 容量: 500g, 認證: 有機', 'https://example.com/images/organic-honey.jpg', '有貨', '蜂蜜 有機 天然 調味 健康'),
(1020, '新鮮香菇', '菇菇樂園', '菇類', 65.00, 75.00, '台灣高山種植新鮮香菇，肉質厚實，香氣濃郁。', '產地: 台灣, 重量: 200g/盒, 保存: 冷藏', 'https://example.com/images/fresh-shiitake.jpg', '有貨', '香菇 鮮菇 台灣 高山 料理'),
(1021, '進口牛奶', '牧場之選', '乳製品', 90.00, 98.00, '紐西蘭進口全脂鮮乳，口感香醇，高鈣高蛋白。', '產地: 紐西蘭, 容量: 1L, 種類: 全脂', 'https://example.com/images/imported-milk.jpg', '有貨', '牛奶 進口 全脂 高鈣 營養'),
(1022, '手工鮮肉水餃', '家鄉味道', '冷凍食品', 130.00, 145.00, '純手工包製鮮肉水餃，內餡多汁，皮薄餡大。', '成分: 豬肉/高麗菜, 重量: 30顆/包, 保存: 冷凍', 'https://example.com/images/homemade-dumplings.jpg', '有貨', '水餃 手工 豬肉 冷凍 料理'),
(1023, '柳橙汁', '鮮果飲品', '飲品原料', 75.00, 85.00, '100%純柳橙原汁，無添加糖分及防腐劑。', '成分: 柳橙原汁, 容量: 1L, 無添加', 'https://example.com/images/orange-juice.jpg', '有貨', '柳橙汁 純果汁 無添加 維生素C 飲品'),
(1024, '高級松阪豬肉', '肉品專家', '肉類', 380.00, 420.00, '進口高級松阪豬肉，油花分布均勻，口感嫩滑多汁。', '產地: 日本, 重量: 200g/包, 保存: 冷凍', 'https://example.com/images/matsusaka-pork.jpg', '有貨', '松阪豬 進口 特級 烤肉 料理'),
(1025, '有機紅茶', '茶香世家', '飲品原料', 165.00, 185.00, '有機認證紅茶葉，色澤紅潤，香氣濃郁。', '產地: 斯里蘭卡, 重量: 20包/盒, 認證: 有機', 'https://example.com/images/organic-black-tea.jpg', '有貨', '紅茶 有機 茶包 天然 飲品'),
(1026, '義式起司', '歐洲風情', '乳製品', 175.00, 195.00, '義大利進口莫扎瑞拉起司，質地柔軟，風味獨特。', '產地: 義大利, 重量: 200g/包, 種類: 莫扎瑞拉', 'https://example.com/images/mozzarella-cheese.jpg', '有貨', '起司 莫扎瑞拉 義大利 進口 烹飪'),
(1027, '新鮮檸檬', '果香園', '水果類', 15.00, 18.00, '台灣在地種植檸檬，皮薄多汁，香氣濃郁。', '產地: 台灣, 重量: 約150g/顆, 品種: 台灣檸檬', 'https://example.com/images/fresh-lemon.jpg', '有貨', '檸檬 台灣 新鮮 調味 維生素C'),
(1028, '冷凍麵糰', '烘焙工坊', '烘焙食品', 95.00, 105.00, '預先製作冷凍麵糰，解凍後即可烘烤，方便實用。', '成分: 麵粉/酵母/鹽, 重量: 500g/包, 保存: 冷凍', 'https://example.com/images/frozen-dough.jpg', '有貨', '麵糰 冷凍 烘焙 方便 速食'),
(1029, '有機牛肝菌', '菌菇之家', '菇類', 220.00, 240.00, '有機種植牛肝菌，香氣獨特，適合燉湯或炒食。', '產地: 法國, 重量: 100g/包, 保存: 冷藏', 'https://example.com/images/organic-porcini.jpg', '有貨', '牛肝菌 有機 進口 菇類 料理'),
(1030, '鮮榨椰奶', '熱帶風味', '調味品', 85.00, 95.00, '100%純椰肉鮮榨椰奶，無添加，濃郁香甜。', '產地: 泰國, 容量: 400ml, 無添加', 'https://example.com/images/fresh-coconut-milk.jpg', '有貨', '椰奶 鮮榨 無添加 烹飪 泰式'),
(1031, '黑芝麻醬', '養生坊', '調味品', 110.00, 125.00, '純黑芝麻研磨製成，濃郁香醇，富含營養。', '成分: 黑芝麻, 容量: 250g, 無添加糖', 'https://example.com/images/black-sesame-paste.jpg', '有貨', '芝麻醬 黑芝麻 養生 調味 醬料'),
(1032, '新鮮蛤蜊', '海鮮工房', '海鮮類', 120.00, 135.00, '當日捕撈新鮮蛤蜊，肉質飽滿，適合煮湯或炒食。', '產地: 台灣, 重量: 500g/包, 保存: 冷藏', 'https://example.com/images/fresh-clams.jpg', '有貨', '蛤蜊 新鮮 海鮮 貝類 湯品'),
(1033, '義式番茄醬', '歐風美味', '調味品', 80.00, 90.00, '義大利進口番茄製成，酸甜適中，適合製作義大利麵醬。', '產地: 義大利, 容量: 350g, 成分: 番茄/香料', 'https://example.com/images/tomato-sauce.jpg', '有貨', '番茄醬 義大利 醬料 西餐 調味'),
(1034, '上等鹽烤杏仁', '堅果王國', '零食', 165.00, 180.00, '精選杏仁輕鹽烤製，香脆可口，營養豐富。', '產地: 美國, 重量: 200g/包, 成分: 杏仁/海鹽', 'https://example.com/images/roasted-almonds.jpg', '有貨', '杏仁 堅果 烤製 零食 健康'),
(1035, '有機紫米', '米穀之家', '米/麵類', 95.00, 110.00, '有機種植黑糯米，口感Q彈，色澤紫黑亮麗。', '產地: 台灣, 重量: 1kg/包, 認證: 有機', 'https://example.com/images/organic-purple-rice.jpg', '有貨', '紫米 有機 糯米 主食 養生'),
(1036, '新鮮草莓', '莓果樂園', '水果類', 120.00, 130.00, '台灣高山種植草莓，甜度高，香氣濃郁。', '產地: 台灣, 重量: 400g/盒, 季節: 冬春', 'https://example.com/images/fresh-strawberries.jpg', '有貨', '草莓 台灣 高山 季節 水果'),
(1037, '特級橄欖油', '地中海風情', '調味品', 450.00, 480.00, '西班牙特級初榨橄欖油，風味獨特，品質卓越。', '產地: 西班牙, 容量: 750ml, 等級: 特級初榨', 'https://example.com/images/premium-olive-oil.jpg', '有貨', '橄欖油 特級 西班牙 初榨 烹飪'),
(1038, '活力燕麥片', '穀物精選', '穀物類', 130.00, 145.00, '澳洲進口燕麥片，纖維豐富，營養均衡。', '產地: 澳洲, 重量: 800g/包, 種類: 大片燕麥', 'https://example.com/images/rolled-oats.jpg', '有貨', '燕麥 早餐 纖維 澳洲 健康'),
(1039, '手工餅乾', '點心工坊', '烘焙食品', 110.00, 120.00, '純手工製作曲奇餅乾，口感酥脆，天然食材。', '成分: 麵粉/奶油/糖, 重量: 250g/盒, 保存: 常溫', 'https://example.com/images/homemade-cookies.jpg', '有貨', '餅乾 手工 點心 零食 烘焙'),
(1040, '新鮮綠花椰菜', '綠色蔬果', '蔬菜類', 55.00, 60.00, '新鮮採收綠花椰菜，口感清脆，富含維生素。', '產地: 台灣, 重量: 約400g/株, 保存: 冷藏', 'https://example.com/images/fresh-broccoli.jpg', '有貨', '花椰菜 綠色蔬菜 新鮮 健康 料理'),
(1041, '特選松露醬', '饕客珍品', '調味品', 380.00, 420.00, '義大利進口黑松露醬，香氣獨特，風味濃郁。', '產地: 義大利, 容量: 80g, 成分: 橄欖油/黑松露', 'https://example.com/images/truffle-sauce.jpg', '有貨', '松露 醬料 義大利 高級 調味'),
(1042, '熟成雞胸肉', '健身餐點', '肉類', 90.00, 100.00, '低脂熟成雞胸肉，真空包裝，即開即食。', '產地: 台灣, 重量: 150g/包, 保存: 冷藏', 'https://example.com/images/cooked-chicken-breast.jpg', '有貨', '雞胸肉 低脂 高蛋白 健身 即食'),
(1043, '有機咖啡豆', '咖啡莊園', '飲品原料', 320.00, 350.00, '有機種植阿拉比卡咖啡豆，香氣濃郁，風味獨特。', '產地: 哥倫比亞, 重量: 250g/包, 烘焙: 中焙', 'https://example.com/images/organic-coffee-beans.jpg', '有貨', '咖啡豆 有機 阿拉比卡 精品 飲品'),
(1044, '特選和牛漢堡肉', '和風精品', '肉類', 280.00, 300.00, '日本和牛混合澳洲牛肉製成，油花豐富，口感鮮嫩。', '成分: 和牛/澳洲牛, 重量: 2片/包, 保存: 冷凍', 'https://example.com/images/wagyu-burgers.jpg', '有貨', '漢堡肉 和牛 進口 烤肉 料理'),
(1045, '特級蜜棗', '果園珍品', '水果類', 135.00, 150.00, '台南在地特級蜜棗，甜度高，口感綿密。', '產地: 台南, 重量: 6顆/盒, 品種: 蜜棗', 'https://example.com/images/premium-dates.jpg', '有貨', '蜜棗 台南 特級 水果 甜點'),
(1046, '生鮮豬里肌', '肉品專家', '肉類', 140.00, 155.00, '台灣在地豬隻里肌肉，肉質嫩滑，脂肪少。', '產地: 台灣, 重量: 300g/包, 保存: 冷藏', 'https://example.com/images/pork-tenderloin.jpg', '有貨', '豬肉 里肌 台灣 低脂 料理'),
(1047, '冷凍馬鈴薯條', '方便食品', '冷凍食品', 85.00, 95.00, '比利時進口馬鈴薯條，外酥內軟，烤箱即可料理。', '產地: 比利時, 重量: 500g/包, 保存: 冷凍', 'https://example.com/images/frozen-fries.jpg', '有貨', '薯條 冷凍 比利時 快餐 點心'),
(1048, '法式麵包', '歐風烘焙', '烘焙食品', 45.00, 50.00, '傳統法式長棍麵包，外酥內軟，風味獨特。', '成分: 麵粉/酵母/鹽, 重量: 250g/條, 保存: 常溫', 'https://example.com/images/french-baguette.jpg', '有貨', '麵包 法式 長棍 烘焙 歐式'),
(1049, '綜合莓果茶', '茶香四溢', '飲品原料', 180.00, 200.00, '精選多種莓果混合花果茶，酸甜可口，香氣宜人。', '成分: 莓果/花草, 重量: 15包/盒, 沖泡: 熱飲', 'https://example.com/images/berry-tea.jpg', '有貨', '花茶 莓果 花草茶 飲品 冬季'),
(1050, '特級黑胡椒', '香料世界', '調味品', 95.00, 105.00, '馬來西亞進口特級黑胡椒，香氣濃郁，研磨即用。', '產地: 馬來西亞, 重量: 100g/罐, 等級: 特級', 'https://example.com/images/black-pepper.jpg', '有貨', '黑胡椒 香料 研磨 調味 烹飪'),
(1051, '新鮮蒜頭', '蔬果之家', '蔬菜類', 30.00, 35.00, '台灣在地新鮮蒜頭，辛香味濃，適合各種料理。', '產地: 台灣, 重量: 250g/網, 品種: 白皮蒜', 'https://example.com/images/fresh-garlic.jpg', '有貨', '蒜頭 調味 料理 台灣 辛香'),
(1052, '松露橄欖油', '義式風味', '調味品', 420.00, 450.00, '融合黑松露香氣的特級橄欖油，風味獨特。', '產地: 義大利, 容量: 250ml, 成分: 橄欖油/松露', 'https://example.com/images/truffle-olive-oil.jpg', '有貨', '橄欖油 松露 義大利 調味 高級'),
(1053, '有機黑豆', '穀物精選', '豆類', 85.00, 95.00, '有機種植黑豆，粒大飽滿，適合煮湯或製作豆漿。', '產地: 台灣, 重量: 500g/包, 認證: 有機', 'https://example.com/images/organic-black-beans.jpg', '有貨', '黑豆 有機 台灣 養生 豆類'),
(1054, '特選梅花豬', '肉類精品', '肉類', 160.00, 175.00, '台灣特選梅花豬肉，紋理分明，肉質鮮嫩。', '產地: 台灣, 重量: 300g/包, 保存: 冷藏', 'https://example.com/images/pork-shoulder.jpg', '有貨', '豬肉 梅花 台灣 烤肉 料理'),
(1055, '義大利香料粉', '香料工坊', '調味品', 120.00, 130.00, '義大利傳統香料混合粉，風味濃郁，適合各種義式料理。', '成分: 香草/大蒜/鹽, 重量: 80g/瓶, 產地: 義大利', 'https://example.com/images/italian-herbs.jpg', '有貨', '香料 義大利 混合 調味 料理'),
(1056, '有機豆漿', '自然飲品', '飲品', 45.00, 50.00, '有機黃豆研磨製成，無添加，營養豐富。', '成分: 有機黃豆/水, 容量: 950ml, 保存: 冷藏', 'https://example.com/images/organic-soy-milk.jpg', '有貨', '豆漿 有機 無添加 營養 早餐'),
(1057, '新鮮秋葵', '綠色蔬果', '蔬菜類', 60.00, 65.00, '當季新鮮秋葵，口感爽脆，富含膳食纖維。', '產地: 台灣, 重量: 200g/包, 保存: 冷藏', 'https://example.com/images/fresh-okra.jpg', '有貨', '秋葵 蔬菜 新鮮 健康 料理'),
(1058, '進口藍莓乾', '果乾世界', '零食', 160.00, 180.00, '美國進口藍莓乾，天然甜度，無添加糖。', '產地: 美國, 重量: 150g/包, 無添加', 'https://example.com/images/dried-blueberries.jpg', '有貨', '藍莓乾 果乾 零食 美國 健康'),
(1059, '手工水餃皮', '麵食工坊', '麵食類', 45.00, 50.00, '手工製作水餃皮，厚薄均勻，拉伸性佳。', '成分: 麵粉/水/鹽, 數量: 30張/包, 保存: 冷藏', 'https://example.com/images/dumpling-wrappers.jpg', '有貨', '水餃皮 手工 麵食 料理 中式'),
(1060, '養生黑木耳', '菇菇樂園', '菇類', 90.00, 100.00, '台灣高山種植黑木耳，口感Q彈，營養豐富。', '產地: 台灣, 重量: 150g/包, 保存: 冷藏', 'https://example.com/images/black-fungus.jpg', '有貨', '黑木耳 菇類 養生 台灣 料理'),
(1061, '紐西蘭奶油', '乳品之最', '乳製品', 150.00, 165.00, '紐西蘭進口草飼牛奶油，風味濃郁，質地細緻。', '產地: 紐西蘭, 重量: 250g/塊, 種類: 無鹽', 'https://example.com/images/nz-butter.jpg', '有貨', '奶油 紐西蘭 進口 烘焙 料理'),
(1062, '有機紅豆', '穀物精選', '豆類', 75.00, 85.00, '有機種植紅豆，粒大飽滿，口感綿密。', '產地: 台灣, 重量: 500g/包, 認證: 有機', 'https://example.com/images/organic-red-beans.jpg', '有貨', '紅豆 有機 台灣 甜品 養生'),
(1063, '高級醬油', '釀造工藝', '調味品', 180.00, 195.00, '純釀造三年陳高級醬油，香氣濃郁，色澤深邃。', '產地: 台灣, 容量: 500ml, 釀造: 三年陳', 'https://example.com/images/premium-soy-sauce.jpg', '有貨', '醬油 釀造 台灣 調味 料理'),
(1064, '鮮採香菜', '香草園地', '香草類', 25.00, 30.00, '新鮮採摘香菜，香氣濃郁，適合各種料理點綴。', '產', '', '', '');

-- --------------------------------------------------------

--
-- 資料表結構 `ingredients`
--

CREATE TABLE `ingredients` (
  `ingredient_id` bigint UNSIGNED NOT NULL,
  `recipe_id` int DEFAULT NULL,
  `name` varchar(100) CHARACTER SET utf8mb4 COLLATE utf8mb4_general_ci NOT NULL,
  `quantity` decimal(10,0) DEFAULT NULL,
  `unit` varchar(20) CHARACTER SET utf8mb4 COLLATE utf8mb4_general_ci DEFAULT NULL,
  `note` text CHARACTER SET utf8mb4 COLLATE utf8mb4_general_ci
) ENGINE=InnoDB DEFAULT CHARSET=utf8mb4 COLLATE=utf8mb4_general_ci;

--
-- 傾印資料表的資料 `ingredients`
--

INSERT INTO `ingredients` (`ingredient_id`, `recipe_id`, `name`, `quantity`, `unit`, `note`) VALUES
(1, 1, '義大利麵', 250, '克', '選用細麵'),
(2, 1, '蒜頭', 5, '瓣', '切碎'),
(3, 1, '奶油', 50, '克', '無鹽奶油'),
(4, 1, '橄欖油', 15, '毫升', '特級初榨'),
(5, 1, '帕馬森起司', 30, '克', '磨碎'),
(6, 1, '鹽', 5, '克', '依個人口味調整'),
(7, 1, '黑胡椒', 3, '克', '現磨'),
(8, 2, '蝦子', 200, '克', '去殼去腸泥'),
(9, 2, '香茅', 3, '支', '切段'),
(10, 2, '檸檬葉', 5, '片', ''),
(11, 2, '辣椒', 3, '個', '切片'),
(12, 2, '蘑菇', 100, '克', '切片'),
(13, 2, '魚露', 20, '毫升', ''),
(14, 2, '檸檬汁', 30, '毫升', '新鮮擠壓'),
(15, 2, '香菜', 10, '克', '切碎'),
(16, 3, '雞腿', 4, '隻', '去骨'),
(17, 3, '醬油', 50, '毫升', ''),
(18, 3, '味醂', 30, '毫升', ''),
(19, 3, '糖', 15, '克', ''),
(20, 3, '薑', 20, '克', '切片'),
(21, 3, '蒜頭', 3, '瓣', '壓碎'),
(22, 4, '蘑菇', 300, '克', '牛肝菌或香菇'),
(23, 4, '洋蔥', 1, '個', '切丁'),
(24, 4, '奶油', 40, '克', ''),
(25, 4, '麵粉', 30, '克', ''),
(26, 4, '雞高湯', 500, '毫升', ''),
(27, 4, '鮮奶油', 100, '毫升', ''),
(28, 4, '松露油', 5, '毫升', ''),
(29, 4, '松露', 5, '克', '切片，用於裝飾'),
(30, 5, '年糕', 300, '克', '切片'),
(31, 5, '韓式辣醬', 50, '克', ''),
(32, 5, '蔥', 2, '支', '切段'),
(35, 5, '糖', 10, '克', ''),
(36, 5, '醬油', 15, '毫升', ''),
(37, 6, '豆腐', 400, '克', '嫩豆腐，切塊'),
(38, 6, '豬絞肉', 150, '克', ''),
(39, 6, '豆瓣醬', 30, '克', ''),
(40, 6, '蒜頭', 4, '瓣', '切碎'),
(41, 6, '薑', 10, '克', '切碎'),
(42, 6, '蔥', 3, '支', '切段'),
(43, 6, '花椒', 5, '克', ''),
(44, 6, '辣椒油', 10, '毫升', ''),
(45, 7, '玉米餅皮', 12, '片', ''),
(46, 7, '牛絞肉', 400, '克', ''),
(47, 7, '墨西哥辣椒粉', 15, '克', ''),
(48, 7, '洋蔥', 1, '個', '切丁'),
(49, 7, '蒜頭', 3, '瓣', '切碎'),
(50, 7, '番茄', 2, '個', '切丁'),
(51, 7, '萵苣', 100, '克', '切絲'),
(52, 7, '起司絲', 100, '克', ''),
(53, 7, '酸奶油', 50, '克', ''),
(54, 8, '茄子', 2, '個', '切片'),
(55, 8, '番茄醬', 200, '毫升', ''),
(56, 8, '馬蘇里拉起司', 150, '克', '切片'),
(57, 8, '蒜頭', 3, '瓣', '切碎'),
(58, 8, '羅勒葉', 10, '克', ''),
(59, 8, '橄欖油', 20, '毫升', ''),
(60, 8, '帕馬森起司', 30, '克', '磨碎'),
(61, 9, '鮭魚', 400, '克', '切塊'),
(62, 9, '檸檬', 1, '個', '汁與皮'),
(63, 9, '橄欖油', 30, '毫升', ''),
(64, 9, '迷迭香', 5, '克', ''),
(65, 9, '百里香', 5, '克', ''),
(66, 9, '大蒜', 2, '瓣', '切碎'),
(67, 9, '鹽', 5, '克', ''),
(68, 9, '黑胡椒', 3, '克', ''),
(69, 10, '蘋果', 6, '個', '去皮切片'),
(70, 10, '麵粉', 250, '克', ''),
(71, 10, '奶油', 150, '克', '冷藏切塊'),
(72, 10, '糖', 120, '克', ''),
(73, 10, '肉桂粉', 10, '克', ''),
(74, 10, '檸檬汁', 15, '毫升', ''),
(75, 10, '鹽', 3, '克', ''),
(76, 11, '河粉', 400, '克', ''),
(77, 11, '牛肉片', 200, '克', '薄片'),
(78, 11, '洋蔥', 1, '個', '切片'),
(79, 11, '薑', 30, '克', '切片'),
(80, 11, '香菜', 20, '克', ''),
(81, 11, '青蔥', 3, '支', '切段'),
(82, 11, '豆芽', 100, '克', ''),
(83, 11, '辣椒', 2, '個', '切片'),
(84, 11, '牛骨高湯', 2, '升', ''),
(85, 12, '南瓜', 800, '克', '去皮切塊'),
(86, 12, '洋蔥', 1, '個', '切碎'),
(87, 12, '胡蘿蔔', 1, '個', '切碎'),
(88, 12, '雞高湯', 500, '毫升', ''),
(89, 12, '鮮奶油', 100, '毫升', ''),
(90, 12, '奶油', 30, '克', ''),
(91, 12, '鹽', 5, '克', ''),
(92, 12, '黑胡椒', 3, '克', ''),
(93, 13, '圓米', 300, '克', '短米'),
(94, 13, '蝦子', 200, '克', ''),
(95, 13, '魷魚', 150, '克', '切環'),
(96, 13, '貽貝', 300, '克', ''),
(97, 13, '橄欖油', 30, '毫升', ''),
(98, 13, '洋蔥', 1, '個', '切碎'),
(99, 13, '大蒜', 3, '瓣', '切碎'),
(100, 13, '紅椒', 1, '個', '切丁'),
(101, 13, '番紅花', 1, '克', ''),
(102, 13, '番茄', 2, '個', '切丁'),
(103, 13, '魚高湯', 600, '毫升', ''),
(104, 14, '馬斯卡彭起司', 250, '克', ''),
(105, 14, '手指餅乾', 200, '克', ''),
(106, 14, '咖啡', 200, '毫升', '濃縮咖啡'),
(107, 14, '蛋黃', 4, '個', ''),
(108, 14, '糖', 100, '克', ''),
(109, 14, '可可粉', 20, '克', '用於裝飾'),
(110, 15, '雞肉', 500, '克', '切塊'),
(111, 15, '洋蔥', 2, '個', '切丁'),
(112, 15, '薑', 30, '克', '切碎'),
(113, 15, '蒜頭', 5, '瓣', '切碎'),
(114, 15, '番茄', 3, '個', '切丁'),
(115, 15, '咖哩粉', 20, '克', ''),
(116, 15, '薑黃粉', 10, '克', ''),
(117, 15, '辣椒粉', 5, '克', ''),
(118, 15, '椰奶', 400, '毫升', ''),
(119, 15, '香菜', 15, '克', '切碎'),
(120, 16, '麵粉', 200, '克', ''),
(121, 16, '牛奶', 400, '毫升', ''),
(122, 16, '雞蛋', 3, '個', ''),
(123, 16, '奶油', 30, '克', '融化'),
(124, 16, '鹽', 3, '克', ''),
(125, 16, '糖', 10, '克', ''),
(126, 17, '壽司米', 500, '克', ''),
(127, 17, '醋', 60, '毫升', '米醋'),
(128, 17, '糖', 30, '克', ''),
(129, 17, '鹽', 5, '克', ''),
(130, 17, '鮪魚', 200, '克', '生魚片切片'),
(131, 17, '鮭魚', 200, '克', '生魚片切片'),
(132, 17, '蝦子', 150, '克', '煮熟'),
(133, 17, '黃瓜', 1, '條', '切條'),
(134, 17, '牛油果', 1, '個', '切片'),
(135, 17, '紫菜', 10, '張', ''),
(136, 17, '芥末', 10, '克', ''),
(137, 17, '薑片', 50, '克', '醃製薑片'),
(138, 18, '白蘿蔔', 800, '克', '磨泥'),
(139, 18, '乾香菇', 50, '克', '泡水切碎'),
(140, 18, '蝦米', 30, '克', '泡水切碎'),
(141, 18, '香腸', 100, '克', '切丁'),
(142, 18, '蔥', 3, '支', '切段'),
(143, 18, '蒜頭', 3, '瓣', '切碎'),
(144, 18, '在來米粉', 200, '克', ''),
(145, 18, '醬油', 20, '毫升', ''),
(146, 19, '牛絞肉', 400, '克', ''),
(147, 19, '麵包粉', 50, '克', ''),
(148, 19, '雞蛋', 1, '個', ''),
(149, 19, '洋蔥', 1, '個', '切碎'),
(150, 19, '蒜頭', 2, '瓣', '壓碎'),
(151, 19, '番茄', 2, '個', '切片'),
(152, 19, '萵苣', 100, '克', ''),
(153, 19, '起司片', 4, '片', ''),
(154, 19, '漢堡麵包', 4, '個', ''),
(155, 19, '美乃滋', 30, '克', ''),
(156, 19, '番茄醬', 30, '克', ''),
(157, 20, '牛腩', 1, '公斤', '切塊'),
(158, 20, '洋蔥', 2, '個', '切丁'),
(159, 20, '紅椒粉', 30, '克', '匈牙利紅椒粉'),
(160, 20, '蒜頭', 5, '瓣', '切碎'),
(161, 20, '番茄', 3, '個', '切丁'),
(162, 20, '紅蘿蔔', 2, '個', '切塊'),
(163, 20, '小紅辣椒', 2, '個', '切片'),
(164, 20, '香料包', 1, '包', '月桂葉、百里香、迷迭香'),
(165, 20, '牛高湯', 500, '毫升', ''),
(166, 21, '番茄', 3, '個', '切塊'),
(167, 21, '黃瓜', 1, '條', '切塊'),
(168, 21, '紅洋蔥', 1, '個', '切絲'),
(169, 21, '青椒', 1, '個', '切塊'),
(170, 21, '橄欖', 50, '克', '去核'),
(171, 21, '羊奶起司', 150, '克', '切塊'),
(172, 21, '橄欖油', 50, '毫升', '特級初榨'),
(173, 21, '檸檬汁', 20, '毫升', ''),
(174, 21, 'oregano', 5, '克', '乾燥'),
(175, 22, '黑巧克力', 200, '克', ''),
(176, 22, '奶油', 120, '克', ''),
(177, 22, '雞蛋', 4, '個', ''),
(178, 22, '糖', 100, '克', ''),
(179, 22, '麵粉', 40, '克', ''),
(180, 22, '香草精', 5, '毫升', ''),
(181, 22, '鹽', 3, '克', ''),
(182, 23, '拉麵', 400, '克', ''),
(183, 23, '豚骨湯頭', 2, '升', ''),
(184, 23, '叉燒肉', 200, '克', '切片'),
(185, 23, '海苔', 4, '片', ''),
(186, 23, '蔥', 3, '支', '切段'),
(187, 23, '糖心蛋', 4, '個', ''),
(188, 23, '筍乾', 50, '克', '煮軟切片'),
(189, 23, '蒜油', 10, '毫升', ''),
(190, 24, '千層麵皮', 250, '克', ''),
(191, 24, '牛絞肉', 300, '克', ''),
(192, 24, '番茄醬', 400, '毫升', ''),
(193, 24, '洋蔥', 1, '個', '切碎'),
(194, 24, '蒜頭', 3, '瓣', '切碎'),
(195, 24, '紅蘿蔔', 1, '個', '切碎'),
(196, 24, '芹菜', 2, '根', '切碎'),
(197, 24, '馬蘇里拉起司', 300, '克', ''),
(198, 24, '帕馬森起司', 100, '克', ''),
(199, 24, '貝夏美爾醬', 500, '毫升', ''),
(200, 25, '雞肉', 800, '克', '切塊'),
(201, 25, '洋蔥', 2, '個', '切塊'),
(202, 25, '大蒜', 5, '瓣', '切碎'),
(203, 25, '薑', 30, '克', '切碎'),
(204, 25, '番茄', 3, '個', '切塊'),
(205, 25, '紅蘿蔔', 2, '個', '切塊'),
(206, 25, '薯仔', 3, '個', '切塊'),
(207, 25, '橄欖', 50, '克', '去核'),
(208, 25, '檸檬', 1, '個', '切片'),
(209, 25, '香料混合', 15, '克', '孜然、肉桂、薑黃、辣椒粉'),
(210, 25, '雞高湯', 400, '毫升', ''),
(211, 26, '牛排', 2, '塊', '肋眼或菲力'),
(212, 26, '紅酒', 200, '毫升', ''),
(213, 26, '奶油', 50, '克', ''),
(214, 26, '紅蔥頭', 2, '個', '切碎'),
(215, 26, '大蒜', 3, '瓣', '切碎'),
(216, 26, '牛高湯', 100, '毫升', ''),
(217, 26, '迷迭香', 5, '克', ''),
(218, 26, '百里香', 5, '克', ''),
(219, 26, '橄欖油', 20, '毫升', ''),
(220, 26, '鹽', 5, '克', ''),
(221, 26, '黑胡椒', 5, '克', ''),
(222, 27, '豬肉', 500, '克', '五花肉切小塊'),
(223, 27, '醬油', 100, '毫升', ''),
(224, 27, '冰糖', 50, '克', ''),
(225, 27, '五香粉', 10, '克', ''),
(226, 27, '八角', 3, '個', ''),
(227, 27, '桂皮', 1, '片', ''),
(228, 27, '米酒', 50, '毫升', ''),
(229, 27, '蔥', 3, '支', '切段'),
(230, 27, '薑', 20, '克', '切片'),
(231, 27, '滷蛋', 4, '個', '可選'),
(232, 28, '玉米餅片', 200, '克', '壓碎'),
(233, 28, '萵苣', 150, '克', '切絲'),
(234, 28, '番茄', 2, '個', '切丁'),
(235, 28, '牛油果', 1, '個', '切丁'),
(237, 28, '玉米粒', 100, '克', ''),
(238, 28, '黑豆', 100, '克', ''),
(239, 28, '萊姆汁', 30, '毫升', ''),
(240, 28, '橄欖油', 20, '毫升', ''),
(241, 28, '辣椒', 1, '個', '切丁'),
(242, 28, '香菜', 20, '克', '切碎'),
(243, 29, '雞肉', 500, '克', '切塊'),
(244, 29, '椰奶', 400, '毫升', ''),
(245, 29, '綠咖哩醬', 50, '克', ''),
(246, 29, '茄子', 1, '個', '切塊'),
(247, 29, '紅椒', 1, '個', '切塊'),
(248, 29, '青椒', 1, '個', '切塊'),
(249, 29, '魚露', 20, '毫升', ''),
(250, 29, '棕櫚糖', 15, '克', ''),
(251, 29, '羅勒葉', 10, '克', ''),
(252, 29, '青檸葉', 3, '片', ''),
(253, 30, '短米', 300, '克', ''),
(254, 30, '海鮮組合', 500, '克', '蝦、魷魚、貽貝'),
(255, 30, '洋蔥', 1, '個', '切碎'),
(256, 30, '大蒜', 3, '瓣', '切碎'),
(257, 30, '白酒', 100, '毫升', ''),
(258, 30, '魚高湯', 600, '毫升', ''),
(259, 30, '奶油', 40, '克', ''),
(260, 30, '帕馬森起司', 50, '克', '磨碎'),
(261, 30, '鹽', 5, '克', ''),
(262, 30, '黑胡椒', 3, '克', ''),
(263, 31, '泡菜', 250, '克', '切碎'),
(264, 31, '麵粉', 150, '克', ''),
(265, 31, '在來米粉', 50, '克', ''),
(266, 31, '雞蛋', 1, '個', ''),
(267, 31, '青蔥', 3, '支', '切段'),
(268, 31, '海鮮', 100, '克', '可選'),
(269, 31, '植物油', 50, '毫升', ''),
(270, 31, '泡菜汁', 20, '毫升', ''),
(271, 32, '豬里肌', 500, '克', '切片'),
(272, 32, '鹽', 5, '克', ''),
(273, 32, '黑胡椒', 3, '克', ''),
(274, 32, '麵粉', 50, '克', ''),
(275, 32, '雞蛋', 2, '個', ''),
(276, 32, '麵包粉', 100, '克', ''),
(277, 32, '高麗菜', 200, '克', '切絲'),
(278, 32, '醬油', 30, '毫升', ''),
(279, 32, '味醂', 20, '毫升', ''),
(280, 32, '糖', 10, '克', ''),
(281, 33, '中筋麵粉', 300, '克', ''),
(282, 33, '熱水', 150, '毫升', ''),
(283, 33, '冷水', 50, '毫升', ''),
(284, 33, '蔥', 5, '支', '切段'),
(285, 33, '豬油', 50, '克', ''),
(286, 33, '鹽', 10, '克', ''),
(287, 33, '植物油', 50, '毫升', ''),
(288, 34, '麵粉', 200, '克', ''),
(289, 34, '奶油', 120, '克', '冷藏切塊'),
(290, 34, '糖', 80, '克', ''),
(291, 34, '雞蛋', 4, '個', ''),
(292, 34, '檸檬', 3, '個', '汁與皮'),
(293, 34, '鹽', 3, '克', ''),
(294, 34, '香草精', 5, '毫升', ''),
(295, 35, '米紙', 12, '張', ''),
(296, 35, '蝦仁', 200, '克', '煮熟去殼'),
(297, 35, '米粉', 100, '克', '泡軟'),
(298, 35, '萵苣', 100, '克', ''),
(299, 35, '黃瓜', 1, '條', '切條'),
(300, 35, '薄荷葉', 20, '克', ''),
(301, 35, '香菜', 20, '克', ''),
(302, 35, '魚露', 20, '毫升', ''),
(303, 35, '檸檬汁', 10, '毫升', ''),
(304, 35, '紅辣椒', 1, '個', '切碎'),
(305, 35, '花生醬', 20, '克', ''),
(306, 36, '高筋麵粉', 300, '克', ''),
(307, 36, '酵母', 7, '克', ''),
(308, 36, '鹽', 5, '克', ''),
(309, 36, '糖', 10, '克', ''),
(310, 36, '橄欖油', 30, '毫升', ''),
(311, 36, '番茄醬', 200, '毫升', ''),
(312, 36, '馬蘇里拉起司', 200, '克', ''),
(313, 36, '帕馬森起司', 50, '克', ''),
(314, 36, '羅勒葉', 10, '克', ''),
(315, 36, '火腿', 100, '克', '切片'),
(316, 36, '蘑菇', 100, '克', '切片'),
(317, 37, '豬腳', 2, '隻', ''),
(318, 37, '洋蔥', 2, '個', '切塊'),
(319, 37, '紅蘿蔔', 2, '個', '切塊'),
(320, 37, '芹菜', 2, '根', '切段'),
(321, 37, '大蒜', 5, '瓣', '壓碎'),
(322, 37, '黑啤酒', 500, '毫升', ''),
(323, 37, '雞高湯', 500, '毫升', ''),
(324, 37, '香料包', 1, '包', '月桂葉、丁香、花椒'),
(325, 37, '醬油', 30, '毫升', ''),
(326, 37, '糖', 20, '克', ''),
(327, 38, '消化餅乾', 250, '克', ''),
(328, 38, '奶油', 120, '克', '融化'),
(329, 38, '奶油起司', 750, '克', '室溫軟化'),
(330, 38, '糖', 200, '克', ''),
(331, 38, '雞蛋', 4, '個', ''),
(332, 38, '鮮奶油', 200, '毫升', ''),
(333, 38, '檸檬汁', 30, '毫升', ''),
(334, 38, '香草精', 10, '毫升', ''),
(335, 38, '蔓越莓醬', 100, '克', '裝飾用'),
(336, 39, '雞肉', 300, '克', '切塊'),
(337, 39, '雞蛋', 3, '個', ''),
(338, 39, '洋蔥', 1, '個', '切絲'),
(339, 39, '醬油', 40, '毫升', ''),
(340, 39, '味醂', 30, '毫升', ''),
(341, 39, '糖', 15, '克', ''),
(342, 39, '薑', 10, '克', '切絲'),
(343, 39, '米飯', 2, '碗', '熱飯'),
(344, 40, '洋蔥', 4, '個', '切片'),
(345, 40, '奶油', 50, '克', ''),
(346, 40, '麵粉', 30, '克', ''),
(347, 40, '牛高湯', 1, '升', ''),
(348, 40, '白酒', 100, '毫升', ''),
(349, 40, '法棍', 1, '條', '切片'),
(350, 40, '格呂耶爾起司', 200, '克', '磨碎'),
(351, 40, '百里香', 5, '克', ''),
(352, 40, '月桂葉', 2, '片', ''),
(353, 40, '鹽', 5, '克', ''),
(354, 40, '黑胡椒', 3, '克', ''),
(355, 41, '白米', 300, '克', ''),
(356, 41, '雞蛋', 2, '個', ''),
(357, 41, '蝦仁', 100, '克', '去殼'),
(358, 41, '雞肉', 150, '克', '切丁'),
(359, 41, '洋蔥', 1, '個', '切丁'),
(360, 41, '紅辣椒', 2, '個', '切碎'),
(361, 41, '蒜頭', 4, '瓣', '切碎'),
(362, 41, '蔥', 3, '支', '切段'),
(363, 41, '印尼香料醬', 50, '克', ''),
(364, 41, '醬油', 20, '毫升', ''),
(365, 41, '植物油', 30, '毫升', ''),
(366, 42, '紅腰豆', 300, '克', '浸泡過夜'),
(367, 42, '洋蔥', 1, '個', '切丁'),
(368, 42, '大蒜', 4, '瓣', '切碎'),
(369, 42, '青椒', 1, '個', '切丁'),
(370, 42, '紅椒', 1, '個', '切丁'),
(371, 42, '辣椒', 2, '個', '切碎'),
(372, 42, '番茄', 3, '個', '切丁'),
(373, 42, '玉米粒', 100, '克', ''),
(374, 42, '辣椒粉', 15, '克', ''),
(375, 42, '孜然粉', 10, '克', ''),
(376, 42, '雞高湯', 500, '毫升', ''),
(377, 43, '鱈魚', 400, '克', '切片'),
(378, 43, '馬鈴薯', 400, '克', '切條'),
(379, 43, '啤酒', 200, '毫升', ''),
(380, 43, '麵粉', 100, '克', ''),
(381, 43, '玉米澱粉', 50, '克', ''),
(382, 43, '鹽', 10, '克', ''),
(383, 43, '黑胡椒', 5, '克', ''),
(384, 43, '植物油', 500, '毫升', '用於油炸'),
(385, 43, '塔塔醬', 100, '克', ''),
(386, 44, '抹茶粉', 15, '克', ''),
(387, 44, '吉利丁片', 12, '克', '浸泡軟化'),
(388, 44, '鮮奶油', 400, '毫升', ''),
(389, 44, '牛奶', 200, '毫升', ''),
(390, 44, '糖', 120, '克', ''),
(391, 44, '奶油起司', 200, '克', '軟化'),
(392, 44, '餅乾底', 200, '克', ''),
(393, 44, '紅豆沙', 100, '克', '裝飾用'),
(394, 45, '豆腐', 500, '克', '切塊'),
(395, 45, '泡菜', 200, '克', '切小塊'),
(396, 45, '蝦仁', 150, '克', '去殼'),
(397, 45, '魷魚', 150, '克', '切環'),
(398, 45, '洋蔥', 1, '個', '切片'),
(399, 45, '蔥', 3, '支', '切段'),
(400, 45, '高湯', 1, '升', ''),
(401, 45, '辣椒粉', 20, '克', ''),
(402, 45, '蒜頭', 5, '瓣', '切碎'),
(403, 45, '蛋', 2, '個', '可選'),
(404, 46, '義大利麵', 250, '克', ''),
(405, 46, '蘑菇', 300, '克', '切片'),
(406, 46, '洋蔥', 1, '個', '切碎'),
(407, 46, '大蒜', 3, '瓣', '切碎'),
(408, 46, '白葡萄酒', 100, '毫升', ''),
(409, 46, '鮮奶油', 200, '毫升', ''),
(410, 46, '奶油', 40, '克', ''),
(411, 46, '帕馬森起司', 50, '克', '磨碎'),
(412, 46, '百里香', 5, '克', ''),
(413, 46, '鹽', 5, '克', ''),
(414, 46, '黑胡椒', 3, '克', ''),
(415, 47, '蛋黃', 5, '個', ''),
(416, 47, '蛋白', 5, '個', ''),
(417, 47, '糖', 100, '克', ''),
(418, 47, '麵粉', 30, '克', ''),
(419, 47, '奶油', 30, '克', ''),
(420, 47, '牛奶', 200, '毫升', ''),
(421, 47, '香草精', 5, '毫升', ''),
(422, 47, '糖粉', 20, '克', '裝飾用'),
(423, 48, '墨西哥餅皮', 8, '片', ''),
(424, 48, '牛絞肉', 300, '克', ''),
(425, 48, '辣椒粉', 15, '克', ''),
(426, 48, '孜然粉', 10, '克', ''),
(427, 48, '洋蔥', 1, '個', '切丁'),
(428, 48, '大蒜', 3, '瓣', '切碎'),
(429, 48, '番茄', 2, '個', '切丁'),
(430, 48, '紅腰豆', 200, '克', '煮熟'),
(431, 48, '萵苣', 100, '克', '切絲'),
(432, 48, '酸奶油', 50, '克', ''),
(433, 48, '起司絲', 100, '克', ''),
(434, 49, '羊肉', 800, '克', '切塊'),
(435, 49, '橄欖油', 50, '毫升', ''),
(436, 49, '檸檬汁', 30, '毫升', ''),
(437, 49, '大蒜', 5, '瓣', '壓碎'),
(438, 49, 'oregano', 10, '克', ''),
(439, 49, '迷迭香', 5, '克', ''),
(440, 49, '薄荷葉', 5, '克', ''),
(441, 49, '鹽', 10, '克', ''),
(442, 49, '黑胡椒', 5, '克', ''),
(443, 49, '希臘優格', 200, '克', '配醬'),
(444, 49, '黃瓜', 1, '條', '配醬用'),
(445, 50, '鬆餅粉', 300, '克', ''),
(446, 50, '酵母', 10, '克', ''),
(447, 50, '牛奶', 200, '毫升', ''),
(448, 50, '雞蛋', 2, '個', ''),
(449, 50, '奶油', 50, '克', '融化'),
(450, 50, '珍珠糖', 30, '克', ''),
(451, 50, '香草精', 5, '毫升', ''),
(452, 50, '草莓', 200, '克', ''),
(453, 50, '藍莓', 100, '克', ''),
(454, 50, '楓糖漿', 100, '毫升', ''),
(455, 50, '鮮奶油', 100, '毫升', '打發');

-- --------------------------------------------------------

--
-- 資料表結構 `members`
--

CREATE TABLE `members` (
  `member_id` int NOT NULL,
  `email` varchar(100) NOT NULL,
  `password_hash` varchar(100) NOT NULL,
  `mobile` varchar(30) DEFAULT NULL,
  `nickname` varchar(30) NOT NULL,
  `create_at` datetime NOT NULL
) ENGINE=InnoDB DEFAULT CHARSET=utf8mb4 COLLATE=utf8mb4_0900_ai_ci;

--
-- 傾印資料表的資料 `members`
--

INSERT INTO `members` (`member_id`, `email`, `password_hash`, `mobile`, `nickname`, `create_at`) VALUES
(3, 'ming@test.com', '$2y$10$YTG138sPI33EqrG87LAYuuwS./9vl36CmlQHbi0G72tO4wR1thVPS', '0918222333', '大明', '2019-01-07 10:39:38'),
(7, 'shin@test.com', '$2y$10$4kaWVxpVc2rSZK/MDXLRIOo3vq4KCNRrlHWLY0tffBt2YikgT3Uim', '0918222555', '小新', '2020-09-17 10:30:38'),
(8, 'mary@test.com', '$2b$12$oKaX5/UXXNQv5oEFWGWr2.ER.jL2DBs7w.ErhuglqmUH4.YMBeZie', '0918222555', '瑪麗亞', '2020-09-17 10:30:38');

-- --------------------------------------------------------

--
-- 資料表結構 `orders`
--

CREATE TABLE `orders` (
  `order_id` int NOT NULL,
  `user_id` int NOT NULL,
  `total_price` decimal(10,2) NOT NULL,
  `order_status` enum('已完成','處理中','已取消') CHARACTER SET utf8mb4 COLLATE utf8mb4_general_ci NOT NULL,
  `order_date` datetime NOT NULL,
  `payment_status` enum('已付款','未付款','已退款') CHARACTER SET utf8mb4 COLLATE utf8mb4_general_ci NOT NULL,
  `shipping_status` enum('已送達','未出貨','不適用') CHARACTER SET utf8mb4 COLLATE utf8mb4_general_ci NOT NULL
) ENGINE=InnoDB DEFAULT CHARSET=utf8mb4 COLLATE=utf8mb4_general_ci;

--
-- 傾印資料表的資料 `orders`
--

INSERT INTO `orders` (`order_id`, `user_id`, `total_price`, `order_status`, `order_date`, `payment_status`, `shipping_status`) VALUES
(7000, 3, 1193.05, '處理中', '2025-02-11 12:17:41', '未付款', '未出貨'),
(7001, 3, 1365.72, '已完成', '2025-02-22 12:17:41', '已付款', '已送達'),
(7002, 4, 1374.24, '處理中', '2025-02-23 12:17:41', '已退款', '已送達'),
(7003, 1, 1547.47, '已完成', '2025-02-25 12:17:41', '已退款', '不適用'),
(7004, 2, 2985.02, '處理中', '2025-02-20 12:17:41', '已退款', '已送達'),
(7005, 3, 1794.46, '處理中', '2025-02-24 12:17:41', '未付款', '未出貨'),
(7006, 4, 2546.50, '處理中', '2025-02-17 12:17:41', '已退款', '未出貨'),
(7007, 4, 1543.52, '已取消', '2025-02-12 12:17:41', '已付款', '已送達'),
(7008, 2, 2240.74, '已完成', '2025-02-12 12:17:41', '已付款', '已送達'),
(7009, 1, 2667.16, '已取消', '2025-02-11 12:17:41', '已退款', '未出貨'),
(7010, 5, 2219.45, '處理中', '2025-02-01 12:17:41', '未付款', '已送達'),
(7011, 2, 348.55, '已取消', '2025-02-23 12:17:41', '已付款', '已送達'),
(7012, 5, 718.35, '已完成', '2025-02-24 12:17:41', '已付款', '已送達'),
(7013, 1, 2046.14, '已完成', '2025-02-14 12:17:41', '已付款', '未出貨'),
(7014, 2, 575.98, '已完成', '2025-02-09 12:17:41', '已付款', '不適用'),
(7015, 1, 835.33, '已完成', '2025-02-04 12:17:41', '已付款', '未出貨'),
(7016, 5, 1792.07, '已完成', '2025-02-18 12:17:41', '已付款', '未出貨'),
(7017, 1, 766.03, '處理中', '2025-02-01 12:17:41', '已付款', '已送達'),
(7018, 1, 2229.72, '處理中', '2025-02-03 12:17:41', '已退款', '已送達'),
(7019, 2, 1348.60, '已取消', '2025-02-11 12:17:41', '已退款', '已送達'),
(7020, 4, 1365.26, '處理中', '2025-02-25 12:17:41', '未付款', '不適用'),
(7021, 4, 170.07, '處理中', '2025-02-03 12:17:41', '未付款', '已送達'),
(7022, 3, 758.41, '已取消', '2025-02-08 12:17:41', '已付款', '已送達'),
(7023, 5, 449.75, '處理中', '2025-02-19 12:17:41', '已退款', '不適用'),
(7024, 4, 411.90, '已完成', '2025-02-03 12:17:41', '未付款', '已送達'),
(7025, 2, 1443.86, '處理中', '2025-02-08 12:17:41', '已付款', '已送達'),
(7026, 4, 2299.70, '處理中', '2025-02-22 12:17:41', '未付款', '已送達'),
(7027, 4, 427.11, '已取消', '2025-02-12 12:17:41', '已退款', '未出貨'),
(7028, 1, 2755.45, '處理中', '2025-02-18 12:17:41', '已付款', '不適用'),
(7029, 5, 2228.63, '已完成', '2025-02-09 12:17:41', '未付款', '不適用');

-- --------------------------------------------------------

--
-- 資料表結構 `order_items`
--

CREATE TABLE `order_items` (
  `order_item_id` int NOT NULL,
  `order_id` int NOT NULL,
  `product_id` int NOT NULL,
  `quantity` int NOT NULL,
  `unit_price` decimal(10,2) NOT NULL,
  `subtotal` decimal(10,2) NOT NULL
) ENGINE=InnoDB DEFAULT CHARSET=utf8mb4 COLLATE=utf8mb4_general_ci;

--
-- 傾印資料表的資料 `order_items`
--

INSERT INTO `order_items` (`order_item_id`, `order_id`, `product_id`, `quantity`, `unit_price`, `subtotal`) VALUES
(1, 7000, 1005, 2, 797.84, 1595.68),
(2, 7001, 1004, 3, 623.24, 1869.72),
(3, 7001, 1004, 1, 72.59, 72.59),
(4, 7002, 1005, 1, 1344.90, 1344.90),
(5, 7002, 1001, 3, 1343.73, 4031.19),
(6, 7002, 1002, 2, 336.22, 672.44),
(7, 7002, 1005, 2, 296.74, 593.48),
(8, 7002, 1005, 2, 1313.10, 2626.20),
(9, 7003, 1001, 3, 319.28, 957.84),
(10, 7003, 1004, 3, 673.04, 2019.12),
(11, 7004, 1003, 3, 1110.28, 3330.84),
(12, 7005, 1004, 3, 1001.44, 3004.32),
(13, 7005, 1002, 1, 1113.62, 1113.62),
(14, 7006, 1001, 1, 627.44, 627.44),
(15, 7006, 1005, 2, 86.67, 173.34),
(16, 7006, 1005, 3, 1277.35, 3832.05),
(17, 7006, 1002, 3, 781.69, 2345.07),
(18, 7006, 1005, 3, 282.30, 846.90),
(19, 7007, 1004, 1, 811.89, 811.89),
(20, 7007, 1005, 1, 340.14, 340.14),
(21, 7007, 1005, 1, 1308.37, 1308.37),
(22, 7007, 1004, 2, 1392.82, 2785.64),
(23, 7007, 1004, 2, 1488.87, 2977.74),
(24, 7008, 1002, 1, 588.96, 588.96),
(25, 7008, 1004, 1, 530.33, 530.33),
(26, 7008, 1002, 1, 1288.63, 1288.63),
(27, 7009, 1005, 2, 1366.19, 2732.38),
(28, 7009, 1002, 3, 804.82, 2414.46),
(29, 7009, 1003, 1, 873.82, 873.82),
(30, 7009, 1003, 3, 845.66, 2536.98),
(31, 7010, 1005, 3, 617.08, 1851.24),
(32, 7010, 1005, 3, 1374.17, 4122.51),
(33, 7010, 1002, 3, 1272.55, 3817.65),
(34, 7010, 1003, 3, 233.96, 701.88),
(35, 7011, 1003, 1, 1337.15, 1337.15),
(36, 7011, 1004, 2, 1110.18, 2220.36),
(37, 7011, 1001, 1, 803.19, 803.19),
(38, 7011, 1003, 1, 381.02, 381.02),
(39, 7012, 1002, 1, 540.33, 540.33),
(40, 7012, 1005, 1, 141.17, 141.17),
(41, 7012, 1003, 3, 279.64, 838.92),
(42, 7013, 1001, 2, 443.00, 886.00),
(43, 7013, 1001, 2, 1325.13, 2650.26),
(44, 7013, 1004, 3, 450.14, 1350.42),
(45, 7014, 1003, 2, 983.48, 1966.96),
(46, 7014, 1003, 2, 693.91, 1387.82),
(47, 7014, 1003, 2, 1181.95, 2363.90),
(48, 7014, 1003, 3, 408.41, 1225.23),
(49, 7014, 1005, 2, 1177.33, 2354.66),
(50, 7015, 1002, 1, 1074.36, 1074.36),
(51, 7015, 1005, 3, 736.45, 2209.35),
(52, 7016, 1002, 2, 647.11, 1294.22),
(53, 7016, 1002, 3, 268.44, 805.32),
(54, 7016, 1005, 3, 807.18, 2421.54),
(55, 7017, 1002, 1, 118.37, 118.37),
(56, 7017, 1003, 1, 282.47, 282.47),
(57, 7017, 1003, 1, 1150.93, 1150.93),
(58, 7018, 1003, 2, 1151.57, 2303.14),
(59, 7019, 1002, 1, 568.88, 568.88),
(60, 7019, 1001, 2, 691.34, 1382.68),
(61, 7019, 1005, 3, 668.48, 2005.44),
(62, 7019, 1002, 3, 739.61, 2218.83),
(63, 7020, 1004, 1, 441.75, 441.75),
(64, 7020, 1004, 1, 149.79, 149.79),
(65, 7020, 1004, 2, 620.84, 1241.68),
(66, 7020, 1002, 1, 370.80, 370.80),
(67, 7020, 1002, 2, 1290.67, 2581.34),
(68, 7021, 1004, 1, 913.57, 913.57),
(69, 7021, 1004, 2, 1488.26, 2976.52),
(70, 7022, 1005, 2, 994.92, 1989.84),
(71, 7022, 1002, 2, 270.41, 540.82),
(72, 7022, 1003, 1, 692.90, 692.90),
(73, 7022, 1001, 3, 727.07, 2181.21),
(74, 7022, 1005, 3, 133.11, 399.33),
(75, 7023, 1002, 2, 786.69, 1573.38),
(76, 7024, 1003, 1, 775.12, 775.12),
(77, 7024, 1001, 2, 261.81, 523.62),
(78, 7024, 1001, 2, 1196.46, 2392.92),
(79, 7024, 1003, 1, 1431.36, 1431.36),
(80, 7025, 1002, 2, 428.90, 857.80),
(81, 7025, 1004, 2, 825.52, 1651.04),
(82, 7026, 1004, 3, 936.48, 2809.44),
(83, 7027, 1001, 2, 393.64, 787.28),
(84, 7028, 1003, 2, 976.20, 1952.40),
(85, 7028, 1004, 3, 486.97, 1460.91),
(86, 7028, 1003, 3, 1118.46, 3355.38),
(87, 7029, 1003, 2, 1026.42, 2052.84),
(88, 7029, 1003, 1, 577.12, 577.12);

-- --------------------------------------------------------

--
-- 資料表結構 `product_reviews`
--

CREATE TABLE `product_reviews` (
  `review_id` int NOT NULL,
  `product_id` int NOT NULL,
  `user_id` int DEFAULT NULL,
  `rating` tinyint NOT NULL,
  `review_text` text CHARACTER SET utf8mb4 COLLATE utf8mb4_general_ci NOT NULL,
  `review_date` timestamp NULL DEFAULT CURRENT_TIMESTAMP
) ENGINE=InnoDB DEFAULT CHARSET=utf8mb4 COLLATE=utf8mb4_0900_ai_ci;

--
-- 傾印資料表的資料 `product_reviews`
--

INSERT INTO `product_reviews` (`review_id`, `product_id`, `user_id`, `rating`, `review_text`, `review_date`) VALUES
(1, 1001, 27, 2, 'CP值很高，推薦給大家！', '2025-02-24 06:19:44'),
(2, 1001, 15, 3, '味道不錯，但價格稍微貴了一點。', '2025-02-24 06:19:44'),
(3, 1001, 3, 4, '品質普通，沒有預期的好。', '2025-02-24 06:19:44'),
(4, 1002, 37, 3, '這個產品真的很不錯，會再回購！', '2025-02-24 06:19:44'),
(5, 1002, 21, 1, '味道不錯，但價格稍微貴了一點。', '2025-02-24 06:19:44'),
(6, 1003, 46, 3, '不推薦，感覺和描述不太符合。', '2025-02-24 06:19:44'),
(7, 1003, 12, 1, 'CP值很高，推薦給大家！', '2025-02-24 06:19:44'),
(8, 1003, 26, 1, '這款商品非常符合我的需求，很滿意！', '2025-02-24 06:19:44'),
(9, 1004, 19, 1, '買來試試，覺得還可以。', '2025-02-24 06:19:44'),
(10, 1004, 38, 2, '品質普通，沒有預期的好。', '2025-02-24 06:19:44'),
(11, 1004, 43, 4, '味道不錯，但價格稍微貴了一點。', '2025-02-24 06:19:44'),
(12, 1005, 35, 2, '不推薦，感覺和描述不太符合。', '2025-02-24 06:19:44'),
(13, 1005, 5, 5, '這個產品真的很不錯，會再回購！', '2025-02-24 06:19:44'),
(14, 1006, 24, 5, '物流速度很快，包裝也很精美。', '2025-02-24 06:19:44'),
(15, 1006, 6, 2, 'CP值很高，推薦給大家！', '2025-02-24 06:19:44'),
(16, 1007, 31, 2, '這款商品非常符合我的需求，很滿意！', '2025-02-24 06:19:44'),
(17, 1007, 12, 3, '品質普通，沒有預期的好。', '2025-02-24 06:19:44'),
(18, 1008, 44, 5, '買來試試，覺得還可以。', '2025-02-24 06:19:44'),
(19, 1008, 22, 1, '不推薦，感覺和描述不太符合。', '2025-02-24 06:19:44'),
(20, 1009, 33, 3, '買來試試，覺得還可以。', '2025-02-24 06:19:44'),
(21, 1009, 7, 2, '品質普通，沒有預期的好。', '2025-02-24 06:19:44'),
(22, 1009, 42, 1, '買來試試，覺得還可以。', '2025-02-24 06:19:44'),
(23, 1010, 28, 1, '不推薦，感覺和描述不太符合。', '2025-02-24 06:19:44'),
(24, 1010, 14, 2, '買來試試，覺得還可以。', '2025-02-24 06:19:44'),
(25, 1010, 5, 1, '味道不錯，但價格稍微貴了一點。', '2025-02-24 06:19:44'),
(26, 1011, 29, 1, '這款商品非常符合我的需求，很滿意！', '2025-02-24 06:19:44'),
(27, 1011, 42, 5, '不推薦，感覺和描述不太符合。', '2025-02-24 06:19:44'),
(28, 1012, 17, 3, '物流速度很快，包裝也很精美。', '2025-02-24 06:19:44'),
(29, 1012, 25, 5, '買來試試，覺得還可以。', '2025-02-24 06:19:44'),
(30, 1012, 43, 2, '味道不錯，但價格稍微貴了一點。', '2025-02-24 06:19:44'),
(31, 1013, 26, 2, '品質普通，沒有預期的好。', '2025-02-24 06:19:44'),
(32, 1013, 35, 3, '不推薦，感覺和描述不太符合。', '2025-02-24 06:19:44'),
(33, 1014, 24, 3, '這款商品非常符合我的需求，很滿意！', '2025-02-24 06:19:44'),
(34, 1014, 12, 3, 'CP值很高，推薦給大家！', '2025-02-24 06:19:44'),
(35, 1015, 9, 4, '這款商品非常符合我的需求，很滿意！', '2025-02-24 06:19:44'),
(36, 1015, 38, 2, '這款商品非常符合我的需求，很滿意！', '2025-02-24 06:19:44'),
(37, 1016, 45, 5, '不推薦，感覺和描述不太符合。', '2025-02-24 06:19:44'),
(38, 1016, 32, 1, '物流速度很快，包裝也很精美。', '2025-02-24 06:19:44'),
(39, 1016, 42, 3, '這個產品真的很不錯，會再回購！', '2025-02-24 06:19:44'),
(40, 1017, 36, 2, '這款商品非常符合我的需求，很滿意！', '2025-02-24 06:19:44'),
(41, 1017, 10, 4, '這個產品真的很不錯，會再回購！', '2025-02-24 06:19:44'),
(42, 1017, 46, 1, '味道不錯，但價格稍微貴了一點。', '2025-02-24 06:19:44'),
(43, 1018, 15, 2, 'CP值很高，推薦給大家！', '2025-02-24 06:19:44'),
(44, 1018, 39, 2, '物流速度很快，包裝也很精美。', '2025-02-24 06:19:44'),
(45, 1018, 38, 4, '物流速度很快，包裝也很精美。', '2025-02-24 06:19:44'),
(46, 1019, 21, 5, 'CP值很高，推薦給大家！', '2025-02-24 06:19:44'),
(47, 1019, 31, 1, '買來試試，覺得還可以。', '2025-02-24 06:19:44'),
(48, 1020, 11, 1, '物流速度很快，包裝也很精美。', '2025-02-24 06:19:44'),
(49, 1020, 3, 1, '物流速度很快，包裝也很精美。', '2025-02-24 06:19:44'),
(50, 1021, 40, 4, '品質普通，沒有預期的好。', '2025-02-24 06:19:44'),
(51, 1021, 34, 5, '品質普通，沒有預期的好。', '2025-02-24 06:19:44'),
(52, 1021, 14, 3, 'CP值很高，推薦給大家！', '2025-02-24 06:19:44'),
(53, 1022, 24, 5, '買來試試，覺得還可以。', '2025-02-24 06:19:44'),
(54, 1022, 7, 5, 'CP值很高，推薦給大家！', '2025-02-24 06:19:44'),
(55, 1022, 29, 3, '品質普通，沒有預期的好。', '2025-02-24 06:19:44'),
(56, 1023, 21, 3, '不推薦，感覺和描述不太符合。', '2025-02-24 06:19:44'),
(57, 1023, 8, 1, 'CP值很高，推薦給大家！', '2025-02-24 06:19:44'),
(58, 1023, 36, 3, '買來試試，覺得還可以。', '2025-02-24 06:19:44'),
(59, 1024, 18, 3, '味道不錯，但價格稍微貴了一點。', '2025-02-24 06:19:44'),
(60, 1024, 32, 5, '不推薦，感覺和描述不太符合。', '2025-02-24 06:19:44'),
(61, 1024, 13, 3, '味道不錯，但價格稍微貴了一點。', '2025-02-24 06:19:44'),
(62, 1025, 28, 4, '品質普通，沒有預期的好。', '2025-02-24 06:19:44'),
(63, 1025, 16, 4, '物流速度很快，包裝也很精美。', '2025-02-24 06:19:44'),
(64, 1026, 42, 2, 'CP值很高，推薦給大家！', '2025-02-24 06:19:44'),
(65, 1026, 47, 5, '買來試試，覺得還可以。', '2025-02-24 06:19:44'),
(66, 1026, 6, 1, '味道不錯，但價格稍微貴了一點。', '2025-02-24 06:19:44'),
(67, 1027, 39, 2, '物流速度很快，包裝也很精美。', '2025-02-24 06:19:44'),
(68, 1027, 14, 1, '味道不錯，但價格稍微貴了一點。', '2025-02-24 06:19:44'),
(69, 1027, 10, 2, '味道不錯，但價格稍微貴了一點。', '2025-02-24 06:19:44'),
(70, 1028, 2, 3, 'CP值很高，推薦給大家！', '2025-02-24 06:19:44'),
(71, 1028, 17, 4, 'CP值很高，推薦給大家！', '2025-02-24 06:19:44'),
(72, 1028, 23, 4, '這個產品真的很不錯，會再回購！', '2025-02-24 06:19:44'),
(73, 1029, 41, 5, '買來試試，覺得還可以。', '2025-02-24 06:19:44'),
(74, 1029, 37, 5, '物流速度很快，包裝也很精美。', '2025-02-24 06:19:44'),
(75, 1029, 25, 2, '味道不錯，但價格稍微貴了一點。', '2025-02-24 06:19:44'),
(76, 1030, 44, 1, '物流速度很快，包裝也很精美。', '2025-02-24 06:19:44'),
(77, 1030, 9, 5, 'CP值很高，推薦給大家！', '2025-02-24 06:19:44'),
(78, 1030, 35, 3, '這個產品真的很不錯，會再回購！', '2025-02-24 06:19:44'),
(79, 1031, 24, 4, 'CP值很高，推薦給大家！', '2025-02-24 06:19:44'),
(80, 1031, 30, 2, 'CP值很高，推薦給大家！', '2025-02-24 06:19:44'),
(81, 1032, 12, 4, '買來試試，覺得還可以。', '2025-02-24 06:19:44'),
(82, 1032, 16, 4, 'CP值很高，推薦給大家！', '2025-02-24 06:19:44'),
(83, 1033, 4, 4, '味道不錯，但價格稍微貴了一點。', '2025-02-24 06:19:44'),
(84, 1033, 22, 5, '物流速度很快，包裝也很精美。', '2025-02-24 06:19:44'),
(85, 1034, 24, 3, '不推薦，感覺和描述不太符合。', '2025-02-24 06:19:44'),
(86, 1034, 33, 3, '味道不錯，但價格稍微貴了一點。', '2025-02-24 06:19:44'),
(87, 1035, 49, 2, '這個產品真的很不錯，會再回購！', '2025-02-24 06:19:44'),
(88, 1035, 14, 1, '不推薦，感覺和描述不太符合。', '2025-02-24 06:19:44'),
(89, 1036, 17, 2, '這個產品真的很不錯，會再回購！', '2025-02-24 06:19:44'),
(90, 1036, 18, 1, '買來試試，覺得還可以。', '2025-02-24 06:19:44'),
(91, 1037, 22, 2, 'CP值很高，推薦給大家！', '2025-02-24 06:19:44'),
(92, 1037, 48, 5, '不推薦，感覺和描述不太符合。', '2025-02-24 06:19:44'),
(93, 1037, 19, 4, '味道不錯，但價格稍微貴了一點。', '2025-02-24 06:19:44'),
(94, 1038, 29, 1, '不推薦，感覺和描述不太符合。', '2025-02-24 06:19:44'),
(95, 1038, 19, 3, '品質普通，沒有預期的好。', '2025-02-24 06:19:44'),
(96, 1039, 26, 4, '味道不錯，但價格稍微貴了一點。', '2025-02-24 06:19:44'),
(97, 1039, 41, 5, '這個產品真的很不錯，會再回購！', '2025-02-24 06:19:44'),
(98, 1040, 21, 1, '品質普通，沒有預期的好。', '2025-02-24 06:19:44'),
(99, 1040, 28, 2, '這個產品真的很不錯，會再回購！', '2025-02-24 06:19:44'),
(100, 1041, 11, 2, 'CP值很高，推薦給大家！', '2025-02-24 06:19:44'),
(101, 1041, 37, 1, 'CP值很高，推薦給大家！', '2025-02-24 06:19:44'),
(102, 1041, 43, 2, '物流速度很快，包裝也很精美。', '2025-02-24 06:19:44'),
(103, 1042, 50, 4, '這款商品非常符合我的需求，很滿意！', '2025-02-24 06:19:44'),
(104, 1042, 24, 3, '品質普通，沒有預期的好。', '2025-02-24 06:19:44'),
(105, 1042, 45, 5, '味道不錯，但價格稍微貴了一點。', '2025-02-24 06:19:44'),
(106, 1043, 7, 3, '味道不錯，但價格稍微貴了一點。', '2025-02-24 06:19:44'),
(107, 1043, 36, 1, '味道不錯，但價格稍微貴了一點。', '2025-02-24 06:19:44'),
(108, 1043, 10, 3, '買來試試，覺得還可以。', '2025-02-24 06:19:44'),
(109, 1044, 46, 4, '這個產品真的很不錯，會再回購！', '2025-02-24 06:19:44'),
(110, 1044, 15, 4, 'CP值很高，推薦給大家！', '2025-02-24 06:19:44'),
(111, 1044, 38, 2, '味道不錯，但價格稍微貴了一點。', '2025-02-24 06:19:44'),
(112, 1045, 16, 1, '這個產品真的很不錯，會再回購！', '2025-02-24 06:19:44'),
(113, 1045, 26, 5, '品質普通，沒有預期的好。', '2025-02-24 06:19:44'),
(114, 1046, 7, 1, '這個產品真的很不錯，會再回購！', '2025-02-24 06:19:44'),
(115, 1046, 35, 5, '這款商品非常符合我的需求，很滿意！', '2025-02-24 06:19:44'),
(116, 1047, 34, 4, '這個產品真的很不錯，會再回購！', '2025-02-24 06:19:44'),
(117, 1047, 16, 1, '物流速度很快，包裝也很精美。', '2025-02-24 06:19:44'),
(118, 1047, 7, 5, '這個產品真的很不錯，會再回購！', '2025-02-24 06:19:44'),
(119, 1048, 24, 5, '不推薦，感覺和描述不太符合。', '2025-02-24 06:19:44'),
(120, 1048, 32, 5, '不推薦，感覺和描述不太符合。', '2025-02-24 06:19:44'),
(121, 1048, 5, 1, '味道不錯，但價格稍微貴了一點。', '2025-02-24 06:19:44'),
(122, 1049, 27, 3, '買來試試，覺得還可以。', '2025-02-24 06:19:44'),
(123, 1049, 16, 3, '味道不錯，但價格稍微貴了一點。', '2025-02-24 06:19:44'),
(124, 1050, 22, 5, '這款商品非常符合我的需求，很滿意！', '2025-02-24 06:19:44'),
(125, 1050, 6, 5, '不推薦，感覺和描述不太符合。', '2025-02-24 06:19:44'),
(126, 1051, 21, 5, '不推薦，感覺和描述不太符合。', '2025-02-24 06:19:44'),
(127, 1051, 46, 4, '這個產品真的很不錯，會再回購！', '2025-02-24 06:19:44'),
(128, 1051, 21, 2, 'CP值很高，推薦給大家！', '2025-02-24 06:19:44'),
(129, 1052, 30, 2, '物流速度很快，包裝也很精美。', '2025-02-24 06:19:44'),
(130, 1052, 18, 3, '不推薦，感覺和描述不太符合。', '2025-02-24 06:19:44'),
(131, 1053, 11, 2, '品質普通，沒有預期的好。', '2025-02-24 06:19:44'),
(132, 1053, 39, 5, '不推薦，感覺和描述不太符合。', '2025-02-24 06:19:44'),
(133, 1053, 26, 4, '品質普通，沒有預期的好。', '2025-02-24 06:19:44'),
(134, 1054, 3, 4, '物流速度很快，包裝也很精美。', '2025-02-24 06:19:44'),
(135, 1054, 15, 1, '物流速度很快，包裝也很精美。', '2025-02-24 06:19:44'),
(136, 1055, 38, 3, '品質普通，沒有預期的好。', '2025-02-24 06:19:44'),
(137, 1055, 48, 1, '品質普通，沒有預期的好。', '2025-02-24 06:19:44'),
(138, 1055, 44, 2, '這個產品真的很不錯，會再回購！', '2025-02-24 06:19:44'),
(139, 1056, 9, 5, '味道不錯，但價格稍微貴了一點。', '2025-02-24 06:19:44'),
(140, 1056, 42, 4, '不推薦，感覺和描述不太符合。', '2025-02-24 06:19:44'),
(141, 1057, 10, 2, '味道不錯，但價格稍微貴了一點。', '2025-02-24 06:19:44'),
(142, 1057, 20, 5, '這款商品非常符合我的需求，很滿意！', '2025-02-24 06:19:44'),
(143, 1057, 14, 3, '味道不錯，但價格稍微貴了一點。', '2025-02-24 06:19:44'),
(144, 1058, 8, 3, '買來試試，覺得還可以。', '2025-02-24 06:19:44'),
(145, 1058, 25, 5, '品質普通，沒有預期的好。', '2025-02-24 06:19:44'),
(146, 1059, 36, 3, '味道不錯，但價格稍微貴了一點。', '2025-02-24 06:19:44'),
(147, 1059, 30, 2, '這個產品真的很不錯，會再回購！', '2025-02-24 06:19:44'),
(148, 1059, 26, 3, '這款商品非常符合我的需求，很滿意！', '2025-02-24 06:19:44'),
(149, 1060, 4, 3, '不推薦，感覺和描述不太符合。', '2025-02-24 06:19:44'),
(150, 1060, 17, 4, '味道不錯，但價格稍微貴了一點。', '2025-02-24 06:19:44'),
(151, 1060, 40, 3, '品質普通，沒有預期的好。', '2025-02-24 06:19:44'),
(152, 1061, 5, 5, '不推薦，感覆和描述不太符合。', '2025-02-24 06:19:44'),
(153, 1061, 34, 3, '品質普通，沒有預期的好。', '2025-02-24 06:19:44'),
(154, 1062, 20, 2, '這款商品非常符合我的需求，很滿意！', '2025-02-24 06:19:44'),
(155, 1062, 47, 4, '買來試試，覺得還可以。', '2025-02-24 06:19:44'),
(156, 1062, 26, 5, '物流速度很快，包裝也很精美。', '2025-02-24 06:19:44'),
(157, 1063, 11, 4, '品質普通，沒有預期的好。', '2025-02-24 06:19:44'),
(158, 1063, 24, 4, '這款商品非常符合我的需求，很滿意！', '2025-02-24 06:19:44'),
(159, 1064, 45, 4, '這款商品非常符合我的需求，很滿意！', '2025-02-24 06:19:44'),
(160, 1064, 32, 3, '物流速度很快，包裝也很精美。', '2025-02-24 06:19:44'),
(161, 1064, 8, 3, '不推薦，感覺和描述不太符合。', '2025-02-24 06:19:44');

-- --------------------------------------------------------

--
-- 資料表結構 `qanda`
--

CREATE TABLE `qanda` (
  `id` int NOT NULL,
  `question` varchar(500) CHARACTER SET utf8mb4 COLLATE utf8mb4_general_ci NOT NULL,
  `answer` text CHARACTER SET utf8mb4 COLLATE utf8mb4_general_ci NOT NULL,
  `category` varchar(255) CHARACTER SET utf8mb4 COLLATE utf8mb4_general_ci NOT NULL,
  `created_at` timestamp NULL DEFAULT CURRENT_TIMESTAMP
) ENGINE=InnoDB DEFAULT CHARSET=utf8mb4 COLLATE=utf8mb4_general_ci;

--
-- 傾印資料表的資料 `qanda`
--

INSERT INTO `qanda` (`id`, `question`, `answer`, `category`, `created_at`) VALUES
(1, '如何搜尋特定食譜？', '您可以使用網站上的搜尋功能，輸入食材或料理名稱來找到相關食譜。', '食譜相關', '2025-02-25 04:00:00'),
(2, '食譜是否有提供詳細的步驟和份量？', '是的，每個食譜都有詳細的步驟、所需食材和份量標示，讓您輕鬆烹飪。', '食譜相關', '2025-02-25 04:00:00'),
(3, '能否提供替代食材建議？', '部分食譜會提供替代食材建議，您也可以在評論區詢問，我們會盡量回覆您的問題。', '食譜相關', '2025-02-25 04:00:00'),
(4, '如何下單？', '您可以瀏覽商城，選擇商品加入購物車，結帳時填寫收件資訊並完成付款。', '商城相關', '2025-02-25 04:00:00'),
(5, '有哪些付款方式？', '我們支援信用卡、行動支付（如 Apple Pay、Google Pay）、ATM 轉帳等方式。', '商城相關', '2025-02-25 04:00:00'),
(6, '訂單多久會出貨？', '一般會在付款完成後 1-3 個工作天內出貨，實際時間可能因商品類型或物流狀況而異。', '商城相關', '2025-02-25 04:00:00'),
(7, '如何查詢訂單狀態？', '您可以登入會員中心，進入「訂單查詢」查看最新訂單狀態。', '商城相關', '2025-02-25 04:00:00'),
(8, '是否提供海外配送？', '目前我們的配送範圍僅限 [特定國家/地區]，若您有海外配送需求，請聯繫客服。', '商城相關', '2025-02-25 04:00:00'),
(9, '收到商品有問題怎麼辦？', '若商品有損壞或與訂單不符，請在收到商品後 7 天內聯繫客服，我們會協助您處理退換貨事宜。', '退換貨與客服', '2025-02-25 04:00:00'),
(10, '如何聯繫客服？', '您可以透過 [Email/Line/網站客服系統] 聯繫我們，服務時間為 [工作日時間]。', '退換貨與客服', '2025-02-25 04:00:00');

-- --------------------------------------------------------

--
-- 資料表結構 `recipes`
--

CREATE TABLE `recipes` (
  `recipe_id` bigint UNSIGNED NOT NULL,
  `title` varchar(100) NOT NULL,
  `description` text,
  `cook_time` int DEFAULT NULL,
  `prep_time` int DEFAULT NULL,
  `servings` int DEFAULT NULL,
  `difficulty_level` varchar(20) DEFAULT NULL,
  `created_at` timestamp NULL DEFAULT CURRENT_TIMESTAMP,
  `updated_at` timestamp NULL DEFAULT NULL,
  `author_id` int DEFAULT NULL,
  `view_count` int DEFAULT '0',
  `like_count` int DEFAULT '0',
  `status` varchar(20) DEFAULT NULL
) ENGINE=InnoDB DEFAULT CHARSET=utf8mb4 COLLATE=utf8mb4_0900_ai_ci;

--
-- 傾印資料表的資料 `recipes`
--

INSERT INTO `recipes` (`recipe_id`, `title`, `description`, `cook_time`, `prep_time`, `servings`, `difficulty_level`, `created_at`, `updated_at`, `author_id`, `view_count`, `like_count`, `status`) VALUES
(1, '蒜香奶油義大利麵', '濃郁奶油醬汁搭配大蒜香氣的經典義大利麵料理，簡單又美味。', 15, 10, 2, '簡單', '2024-02-01 01:35:12', '2024-02-05 06:22:18', 3, 1250, 328, '已發布'),
(2, '泰式酸辣湯', '道地的泰國風味酸辣湯，搭配新鮮香料與海鮮，酸辣開胃。', 30, 20, 4, '中等', '2024-01-15 05:42:55', '2024-01-20 02:15:33', 5, 3420, 942, '已發布'),
(3, '日式照燒雞腿', '醬汁濃郁甘甜的日式照燒雞腿，適合搭配白飯食用。', 25, 15, 3, '簡單', '2024-01-22 10:10:44', '2024-01-30 01:08:27', 2, 2845, 765, '已發布'),
(4, '法式松露蘑菇湯', '高雅精緻的法式蘑菇湯，加入松露增添香氣與風味。', 40, 25, 4, '困難', '2024-02-05 03:28:39', '2024-02-10 08:33:42', 7, 1536, 452, '已發布'),
(5, '韓式辣醬炒年糕', '韓國經典的辣炒年糕，香辣可口，簡單易做。', 20, 10, 2, '簡單', '2024-01-18 06:52:37', '2024-01-25 09:40:21', 4, 4753, 1245, '已發布'),
(6, '中式麻婆豆腐', '道地四川麻婆豆腐，麻辣鮮香，下飯首選。', 25, 15, 4, '中等', '2024-02-08 01:27:18', '2024-02-15 05:44:56', 8, 2156, 687, '已發布'),
(7, '墨西哥塔可餅', '酥脆外皮搭配豐富的牛肉餡料與新鮮蔬菜，風味十足。', 30, 20, 6, '中等', '2024-01-25 07:36:44', '2024-02-01 04:22:38', 6, 3542, 1024, '已發布'),
(8, '義式焗烤茄子', '茄子與番茄醬的完美結合，口感豐富且營養均衡。', 35, 20, 4, '中等', '2024-02-10 02:15:27', '2024-02-18 01:48:33', 5, 1876, 534, '已發布'),
(9, '檸檬香草烤鮭魚', '清新檸檬與香草調味的烤鮭魚，健康美味。', 20, 15, 2, '簡單', '2024-01-12 08:43:22', '2024-01-20 03:37:45', 3, 2453, 876, '已發布'),
(10, '蘋果肉桂派', '香甜蘋果與肉桂的完美結合，經典美式甜點。', 50, 30, 8, '困難', '2024-02-14 05:25:47', '2024-02-20 02:18:39', 9, 4251, 1568, '已發布'),
(11, '越南河粉', '清爽的湯頭配上嫩滑的牛肉與新鮮香草，經典越南美食。', 40, 30, 4, '中等', '2024-01-28 01:48:56', '2024-02-05 06:33:27', 2, 2987, 845, '已發布'),
(12, '南瓜濃湯', '順滑濃郁的南瓜濃湯，秋冬季節的暖心料理。', 30, 15, 4, '簡單', '2024-02-18 07:22:43', '2024-02-22 02:45:18', 4, 1564, 421, '已發布'),
(13, '西班牙海鮮飯', '地中海風情的西班牙海鮮飯，集結各種海鮮的豐富口感。', 45, 25, 6, '困難', '2024-01-20 04:33:56', '2024-01-28 07:21:44', 7, 3251, 967, '已發布'),
(14, '義式提拉米蘇', '經典義大利甜點，咖啡與馬斯卡彭起司的絕佳組合。', 20, 40, 8, '中等', '2024-02-15 08:48:32', '2024-02-21 01:54:27', 9, 3824, 1432, '已發布'),
(15, '印度咖哩雞', '濃郁香料與雞肉的完美結合，道地印度風味。', 35, 25, 4, '中等', '2024-01-14 02:56:42', '2024-01-22 05:28:15', 8, 2754, 682, '已發布'),
(16, '法式可麗餅', '薄而軟的法式可麗餅，可搭配各種甜鹹內餡變化無窮。', 20, 15, 4, '中等', '2024-02-12 06:35:27', '2024-02-18 03:23:48', 5, 1876, 574, '已發布'),
(17, '日式壽司拼盤', '新鮮魚肉與醋飯的完美結合，日本經典美食。', 60, 40, 2, '困難', '2024-01-30 01:28:45', '2024-02-08 08:42:33', 2, 4532, 1687, '已發布'),
(18, '港式蘿蔔糕', '香煎至金黃的蘿蔔糕，口感外酥內軟，風味獨特。', 40, 30, 6, '中等', '2024-02-08 05:54:22', '2024-02-15 02:28:46', 3, 1987, 543, '已發布'),
(19, '美式漢堡', '多汁的牛肉漢堡排配上新鮮蔬菜與特調醬料，經典美食。', 25, 20, 4, '簡單', '2024-01-25 07:42:36', '2024-02-01 06:25:18', 6, 3654, 1245, '已發布'),
(20, '匈牙利紅椒燉牛肉', '香辣紅椒與嫩滑牛肉的燉煮料理，匈牙利國菜。', 90, 30, 6, '困難', '2024-02-16 02:15:48', '2024-02-22 05:42:36', 7, 1843, 587, '已發布'),
(21, '希臘沙拉', '新鮮蔬菜與橄欖、羊奶起司的經典搭配，地中海風味。', 15, 20, 4, '簡單', '2024-01-18 04:36:54', '2024-01-25 01:18:33', 4, 2356, 765, '已發布'),
(22, '巧克力熔岩蛋糕', '外酥內軟的巧克力蛋糕，切開後流出濃郁巧克力醬。', 20, 15, 2, '中等', '2024-02-14 07:48:27', '2024-02-20 03:25:43', 9, 3854, 1432, '已發布'),
(23, '日式拉麵', '濃郁豚骨湯頭配上彈牙麵條與嫩滑叉燒，日式風味。', 60, 30, 2, '困難', '2024-01-22 01:36:48', '2024-01-30 06:25:37', 2, 5432, 1876, '已發布'),
(24, '義式焗烤千層麵', '層層疊疊的千層麵，搭配濃郁起司與肉醬。', 45, 30, 8, '中等', '2024-02-01 05:28:47', '2024-02-08 02:45:36', 5, 2765, 843, '已發布'),
(25, '摩洛哥塔吉鍋', '慢燉香料雞肉與蔬菜，摩洛哥傳統料理。', 90, 30, 6, '困難', '2024-01-28 06:35:26', '2024-02-05 03:24:38', 8, 1954, 576, '已發布'),
(26, '法式牛排佐紅酒醬', '鮮嫩多汁的牛排搭配香濃紅酒醬汁，經典法式料理。', 30, 15, 2, '中等', '2024-02-10 08:42:35', '2024-02-18 05:27:48', 7, 2543, 876, '已發布'),
(27, '台式滷肉飯', '香噴噴的滷肉配上白飯，台灣經典小吃。', 60, 20, 4, '中等', '2024-01-15 02:28:43', '2024-01-22 07:36:27', 3, 6542, 2345, '已發布'),
(28, '墨西哥玉米餅沙拉', '新鮮蔬菜與酥脆玉米餅碎片的完美結合，清爽開胃。', 20, 15, 4, '簡單', '2024-02-05 04:34:26', '2024-02-12 01:48:35', 6, 2135, 654, '已發布'),
(29, '泰式綠咖哩雞', '香濃椰奶與青辣椒的泰式綠咖哩，風味獨特。', 35, 25, 4, '中等', '2024-01-20 01:45:36', '2024-01-28 06:23:47', 4, 3254, 968, '已發布'),
(30, '義式海鮮燉飯', '香濃奶油與各式海鮮的燉飯，口感綿密風味豐富。', 40, 20, 4, '困難', '2024-02-18 05:52:28', '2024-02-23 02:36:45', 5, 1876, 532, '已發布'),
(31, '韓式泡菜煎餅', '香脆可口的泡菜煎餅，搭配特調醬料風味絕佳。', 25, 15, 4, '簡單', '2024-01-24 07:36:48', '2024-02-01 04:45:37', 4, 3542, 1243, '已發布'),
(32, '日式炸豬排', '金黃酥脆的炸豬排，搭配特製醬汁與高麗菜絲。', 30, 20, 2, '中等', '2024-02-03 02:25:43', '2024-02-10 08:34:28', 3, 2875, 876, '已發布'),
(33, '中式蔥油餅', '外酥內軟的蔥油餅，層次分明香氣十足。', 25, 35, 6, '中等', '2024-01-18 06:28:36', '2024-01-25 03:36:47', 8, 3265, 985, '已發布'),
(34, '法式檸檬塔', '酸甜適中的檸檬塔，口感滑順餅皮酥脆。', 40, 30, 8, '困難', '2024-02-16 07:42:38', '2024-02-22 01:53:26', 9, 2543, 943, '已發布'),
(35, '越南春捲', '透明米紙包裹新鮮蔬菜與蝦仁，搭配特調醬料。', 15, 25, 4, '中等', '2024-01-28 01:36:45', '2024-02-05 05:25:36', 2, 2356, 754, '已發布'),
(36, '義式披薩', '薄脆披薩皮配上豐富的起司與配料，經典義大利美食。', 20, 40, 4, '中等', '2024-02-12 05:46:28', '2024-02-18 02:35:27', 5, 4563, 1654, '已發布'),
(37, '德式豬腳', '酥脆表皮與嫩滑肉質的德國傳統料理。', 120, 30, 4, '困難', '2024-01-20 06:53:26', '2024-01-28 03:45:37', 7, 1986, 576, '已發布'),
(38, '紐約起司蛋糕', '綿密細緻的起司蛋糕，層次豐富口感獨特。', 60, 30, 12, '困難', '2024-02-01 08:35:48', '2024-02-08 05:24:36', 9, 3654, 1432, '已發布'),
(39, '日式親子丼', '雞肉與蛋的完美結合，淋上特調醬汁搭配白飯。', 20, 15, 2, '簡單', '2024-01-15 01:48:36', '2024-01-22 06:35:26', 2, 2987, 876, '已發布'),
(40, '法式洋蔥湯', '細火熬煮的洋蔥湯配上起司吐司，經典法式料理。', 45, 20, 4, '中等', '2024-02-08 04:35:46', '2024-02-15 01:28:37', 8, 1876, 543, '已發布'),
(41, '印尼炒飯', '辣香四溢的印尼炒飯，搭配多種香料與配料。', 25, 15, 2, '中等', '2024-01-24 02:25:37', '2024-02-01 07:43:28', 4, 3254, 978, '已發布'),
(42, '墨西哥辣椒豆湯', '濃郁香辣的豆湯，墨西哥傳統料理。', 40, 20, 6, '中等', '2024-02-15 06:36:27', '2024-02-20 03:25:38', 6, 1987, 654, '已發布'),
(43, '英式炸魚薯條', '外酥內嫩的炸魚配上金黃酥脆的薯條，英國國民美食。', 30, 20, 2, '中等', '2024-01-27 08:28:45', '2024-02-03 02:35:26', 3, 2567, 765, '已發布'),
(44, '日式抹茶慕斯', '細緻滑順的抹茶慕斯，日式甜點的經典之作。', 30, 60, 8, '困難', '2024-02-14 01:36:47', '2024-02-20 05:28:36', 9, 2134, 876, '已發布'),
(45, '韓式辣豆腐鍋', '麻辣鮮香的豆腐鍋，搭配多種海鮮與蔬菜。', 35, 25, 4, '中等', '2024-01-18 05:25:47', '2024-01-25 02:36:28', 4, 3576, 1243, '已發布'),
(46, '義式奶油蘑菇義大利麵', '濃郁奶油醬汁搭配新鮮蘑菇的經典義大利麵。', 25, 15, 2, '簡單', '2024-02-05 07:42:36', '2024-02-12 03:28:37', 5, 2345, 765, '已發布'),
(47, '法式舒芙蕾', '輕盈蓬鬆的舒芙蕾，外酥內軟入口即化。', 25, 20, 2, '困難', '2024-01-30 06:36:28', '2024-02-05 01:25:37', 9, 1987, 654, '已發布'),
(48, '墨西哥辣味捲餅', '香辣牛肉與豆泥捲餅，墨西哥經典街頭美食。', 20, 25, 4, '簡單', '2024-02-12 01:25:38', '2024-02-18 06:36:27', 6, 3254, 987, '已發布'),
(49, '希臘烤羊肉串', '香嫩多汁的烤羊肉串，搭配特調香料醃製。', 30, 60, 6, '中等', '2024-01-22 07:36:47', '2024-01-30 02:28:36', 7, 2134, 687, '已發布'),
(50, '比利時鬆餅', '外酥內軟的比利時鬆餅，搭配各種水果與糖漿。', 20, 15, 4, '中等', '2024-02-18 02:28:37', '2024-02-22 07:36:48', 9, 2543, 876, '已發布');

-- --------------------------------------------------------

--
-- 資料表結構 `recipe_categories`
--

CREATE TABLE `recipe_categories` (
  `recipe_id` int NOT NULL,
  `category_id` int NOT NULL
) ENGINE=InnoDB DEFAULT CHARSET=utf8mb4 COLLATE=utf8mb4_general_ci;

--
-- 傾印資料表的資料 `recipe_categories`
--

INSERT INTO `recipe_categories` (`recipe_id`, `category_id`) VALUES
(1, 1),
(2, 2),
(3, 3),
(4, 4),
(5, 7),
(6, 5),
(7, 7),
(8, 1),
(9, 7),
(10, 6),
(11, 7),
(12, 7),
(13, 7),
(14, 1),
(15, 7),
(16, 4),
(17, 3),
(18, 5),
(19, 6),
(20, 7),
(21, 7),
(22, 7),
(23, 3),
(24, 1),
(25, 7),
(26, 4),
(27, 5),
(28, 7),
(29, 2),
(30, 1),
(31, 7),
(32, 3),
(33, 5),
(34, 4),
(35, 7),
(36, 1),
(37, 7),
(38, 7),
(39, 3),
(40, 4),
(41, 5),
(42, 7),
(43, 6),
(44, 3),
(45, 7),
(46, 1),
(47, 4),
(48, 7),
(49, 7),
(50, 7);

-- --------------------------------------------------------

--
-- 資料表結構 `recipe_images`
--

CREATE TABLE `recipe_images` (
  `image_id` bigint UNSIGNED NOT NULL,
  `recipe_id` int DEFAULT NULL,
  `image_url` varchar(255) DEFAULT NULL,
  `is_cover` tinyint(1) DEFAULT '0',
  `upload_time` timestamp NULL DEFAULT CURRENT_TIMESTAMP
) ENGINE=InnoDB DEFAULT CHARSET=utf8mb4 COLLATE=utf8mb4_0900_ai_ci;

--
-- 傾印資料表的資料 `recipe_images`
--

INSERT INTO `recipe_images` (`image_id`, `recipe_id`, `image_url`, `is_cover`, `upload_time`) VALUES
(1, 1, 'https://example.com/images/recipe_1_1.jpg', 1, '2025-02-24 05:56:18'),
(2, 1, 'https://example.com/images/recipe_1_2.jpg', 0, '2025-02-24 05:56:18'),
(3, 2, 'https://example.com/images/recipe_2_1.jpg', 1, '2025-02-24 05:56:18'),
(4, 2, 'https://example.com/images/recipe_2_2.jpg', 0, '2025-02-24 05:56:18'),
(5, 3, 'https://example.com/images/recipe_3_1.jpg', 1, '2025-02-24 05:56:18'),
(6, 3, 'https://example.com/images/recipe_3_2.jpg', 0, '2025-02-24 05:56:18'),
(7, 4, 'https://example.com/images/recipe_4_1.jpg', 1, '2025-02-24 05:56:18'),
(8, 5, 'https://example.com/images/recipe_5_1.jpg', 1, '2025-02-24 05:56:18'),
(9, 5, 'https://example.com/images/recipe_5_2.jpg', 0, '2025-02-24 05:56:18'),
(10, 5, 'https://example.com/images/recipe_5_3.jpg', 0, '2025-02-24 05:56:18'),
(11, 6, 'https://example.com/images/recipe_6_1.jpg', 1, '2025-02-24 05:56:18'),
(12, 7, 'https://example.com/images/recipe_7_1.jpg', 1, '2025-02-24 05:56:18'),
(13, 8, 'https://example.com/images/recipe_8_1.jpg', 1, '2025-02-24 05:56:18'),
(14, 9, 'https://example.com/images/recipe_9_1.jpg', 1, '2025-02-24 05:56:18'),
(15, 10, 'https://example.com/images/recipe_10_1.jpg', 1, '2025-02-24 05:56:18'),
(16, 10, 'https://example.com/images/recipe_10_2.jpg', 0, '2025-02-24 05:56:18'),
(17, 11, 'https://example.com/images/recipe_11_1.jpg', 1, '2025-02-24 05:56:18'),
(18, 11, 'https://example.com/images/recipe_11_2.jpg', 0, '2025-02-24 05:56:18'),
(19, 12, 'https://example.com/images/recipe_12_1.jpg', 1, '2025-02-24 05:56:18'),
(20, 13, 'https://example.com/images/recipe_13_1.jpg', 1, '2025-02-24 05:56:18'),
(21, 13, 'https://example.com/images/recipe_13_2.jpg', 0, '2025-02-24 05:56:18'),
(22, 13, 'https://example.com/images/recipe_13_3.jpg', 0, '2025-02-24 05:56:18'),
(23, 14, 'https://example.com/images/recipe_14_1.jpg', 1, '2025-02-24 05:56:18'),
(24, 15, 'https://example.com/images/recipe_15_1.jpg', 1, '2025-02-24 05:56:18'),
(25, 15, 'https://example.com/images/recipe_15_2.jpg', 0, '2025-02-24 05:56:18'),
(26, 15, 'https://example.com/images/recipe_15_3.jpg', 0, '2025-02-24 05:56:18'),
(27, 16, 'https://example.com/images/recipe_16_1.jpg', 1, '2025-02-24 05:56:18'),
(28, 17, 'https://example.com/images/recipe_17_1.jpg', 1, '2025-02-24 05:56:18'),
(29, 17, 'https://example.com/images/recipe_17_2.jpg', 0, '2025-02-24 05:56:18'),
(30, 17, 'https://example.com/images/recipe_17_3.jpg', 0, '2025-02-24 05:56:18'),
(31, 18, 'https://example.com/images/recipe_18_1.jpg', 1, '2025-02-24 05:56:18'),
(32, 18, 'https://example.com/images/recipe_18_2.jpg', 0, '2025-02-24 05:56:18'),
(33, 19, 'https://example.com/images/recipe_19_1.jpg', 1, '2025-02-24 05:56:18'),
(34, 19, 'https://example.com/images/recipe_19_2.jpg', 0, '2025-02-24 05:56:18'),
(35, 20, 'https://example.com/images/recipe_20_1.jpg', 1, '2025-02-24 05:56:18'),
(36, 20, 'https://example.com/images/recipe_20_2.jpg', 0, '2025-02-24 05:56:18'),
(37, 20, 'https://example.com/images/recipe_20_3.jpg', 0, '2025-02-24 05:56:18'),
(38, 21, 'https://example.com/images/recipe_21_1.jpg', 1, '2025-02-24 05:56:18'),
(39, 21, 'https://example.com/images/recipe_21_2.jpg', 0, '2025-02-24 05:56:18'),
(40, 21, 'https://example.com/images/recipe_21_3.jpg', 0, '2025-02-24 05:56:18'),
(41, 22, 'https://example.com/images/recipe_22_1.jpg', 1, '2025-02-24 05:56:18'),
(42, 22, 'https://example.com/images/recipe_22_2.jpg', 0, '2025-02-24 05:56:18'),
(43, 23, 'https://example.com/images/recipe_23_1.jpg', 1, '2025-02-24 05:56:18'),
(44, 24, 'https://example.com/images/recipe_24_1.jpg', 1, '2025-02-24 05:56:18'),
(45, 25, 'https://example.com/images/recipe_25_1.jpg', 1, '2025-02-24 05:56:18'),
(46, 25, 'https://example.com/images/recipe_25_2.jpg', 0, '2025-02-24 05:56:18'),
(47, 26, 'https://example.com/images/recipe_26_1.jpg', 1, '2025-02-24 05:56:18'),
(48, 26, 'https://example.com/images/recipe_26_2.jpg', 0, '2025-02-24 05:56:18'),
(49, 26, 'https://example.com/images/recipe_26_3.jpg', 0, '2025-02-24 05:56:18'),
(50, 27, 'https://example.com/images/recipe_27_1.jpg', 1, '2025-02-24 05:56:18'),
(51, 27, 'https://example.com/images/recipe_27_2.jpg', 0, '2025-02-24 05:56:18'),
(52, 28, 'https://example.com/images/recipe_28_1.jpg', 1, '2025-02-24 05:56:18'),
(53, 28, 'https://example.com/images/recipe_28_2.jpg', 0, '2025-02-24 05:56:18'),
(54, 28, 'https://example.com/images/recipe_28_3.jpg', 0, '2025-02-24 05:56:18'),
(55, 29, 'https://example.com/images/recipe_29_1.jpg', 1, '2025-02-24 05:56:18'),
(56, 29, 'https://example.com/images/recipe_29_2.jpg', 0, '2025-02-24 05:56:18'),
(57, 30, 'https://example.com/images/recipe_30_1.jpg', 1, '2025-02-24 05:56:18'),
(58, 31, 'https://example.com/images/recipe_31_1.jpg', 1, '2025-02-24 05:56:18'),
(59, 32, 'https://example.com/images/recipe_32_1.jpg', 1, '2025-02-24 05:56:18'),
(60, 32, 'https://example.com/images/recipe_32_2.jpg', 0, '2025-02-24 05:56:18'),
(61, 32, 'https://example.com/images/recipe_32_3.jpg', 0, '2025-02-24 05:56:18'),
(62, 33, 'https://example.com/images/recipe_33_1.jpg', 1, '2025-02-24 05:56:18'),
(63, 33, 'https://example.com/images/recipe_33_2.jpg', 0, '2025-02-24 05:56:18'),
(64, 34, 'https://example.com/images/recipe_34_1.jpg', 1, '2025-02-24 05:56:18'),
(65, 34, 'https://example.com/images/recipe_34_2.jpg', 0, '2025-02-24 05:56:18'),
(66, 35, 'https://example.com/images/recipe_35_1.jpg', 1, '2025-02-24 05:56:18'),
(67, 36, 'https://example.com/images/recipe_36_1.jpg', 1, '2025-02-24 05:56:18'),
(68, 36, 'https://example.com/images/recipe_36_2.jpg', 0, '2025-02-24 05:56:18'),
(69, 37, 'https://example.com/images/recipe_37_1.jpg', 1, '2025-02-24 05:56:18'),
(70, 38, 'https://example.com/images/recipe_38_1.jpg', 1, '2025-02-24 05:56:18'),
(71, 38, 'https://example.com/images/recipe_38_2.jpg', 0, '2025-02-24 05:56:18'),
(72, 38, 'https://example.com/images/recipe_38_3.jpg', 0, '2025-02-24 05:56:18'),
(73, 39, 'https://example.com/images/recipe_39_1.jpg', 1, '2025-02-24 05:56:18'),
(74, 39, 'https://example.com/images/recipe_39_2.jpg', 0, '2025-02-24 05:56:18'),
(75, 40, 'https://example.com/images/recipe_40_1.jpg', 1, '2025-02-24 05:56:18'),
(76, 41, 'https://example.com/images/recipe_41_1.jpg', 1, '2025-02-24 05:56:18'),
(77, 41, 'https://example.com/images/recipe_41_2.jpg', 0, '2025-02-24 05:56:18'),
(78, 41, 'https://example.com/images/recipe_41_3.jpg', 0, '2025-02-24 05:56:18'),
(79, 42, 'https://example.com/images/recipe_42_1.jpg', 1, '2025-02-24 05:56:18'),
(80, 42, 'https://example.com/images/recipe_42_2.jpg', 0, '2025-02-24 05:56:18'),
(81, 42, 'https://example.com/images/recipe_42_3.jpg', 0, '2025-02-24 05:56:18'),
(82, 43, 'https://example.com/images/recipe_43_1.jpg', 1, '2025-02-24 05:56:18'),
(83, 44, 'https://example.com/images/recipe_44_1.jpg', 1, '2025-02-24 05:56:18'),
(84, 44, 'https://example.com/images/recipe_44_2.jpg', 0, '2025-02-24 05:56:18'),
(85, 44, 'https://example.com/images/recipe_44_3.jpg', 0, '2025-02-24 05:56:18'),
(86, 45, 'https://example.com/images/recipe_45_1.jpg', 1, '2025-02-24 05:56:18'),
(87, 45, 'https://example.com/images/recipe_45_2.jpg', 0, '2025-02-24 05:56:18'),
(88, 46, 'https://example.com/images/recipe_46_1.jpg', 1, '2025-02-24 05:56:18'),
(89, 46, 'https://example.com/images/recipe_46_2.jpg', 0, '2025-02-24 05:56:18'),
(90, 46, 'https://example.com/images/recipe_46_3.jpg', 0, '2025-02-24 05:56:18'),
(91, 47, 'https://example.com/images/recipe_47_1.jpg', 1, '2025-02-24 05:56:18'),
(92, 47, 'https://example.com/images/recipe_47_2.jpg', 0, '2025-02-24 05:56:18'),
(93, 47, 'https://example.com/images/recipe_47_3.jpg', 0, '2025-02-24 05:56:18'),
(94, 48, 'https://example.com/images/recipe_48_1.jpg', 1, '2025-02-24 05:56:18'),
(95, 48, 'https://example.com/images/recipe_48_2.jpg', 0, '2025-02-24 05:56:18'),
(96, 48, 'https://example.com/images/recipe_48_3.jpg', 0, '2025-02-24 05:56:18'),
(97, 49, 'https://example.com/images/recipe_49_1.jpg', 1, '2025-02-24 05:56:18'),
(98, 50, 'https://example.com/images/recipe_50_1.jpg', 1, '2025-02-24 05:56:18');

-- --------------------------------------------------------

--
-- 資料表結構 `recipe_tags`
--

CREATE TABLE `recipe_tags` (
  `recipe_id` int NOT NULL,
  `tag_id` int NOT NULL
) ENGINE=InnoDB DEFAULT CHARSET=utf8mb4 COLLATE=utf8mb4_general_ci;

--
-- 傾印資料表的資料 `recipe_tags`
--

INSERT INTO `recipe_tags` (`recipe_id`, `tag_id`) VALUES
(1, 1),
(1, 2),
(1, 3),
(2, 4),
(2, 5),
(2, 6),
(3, 7),
(3, 8),
(4, 5),
(4, 9),
(4, 10),
(5, 11),
(5, 12),
(6, 11),
(6, 13),
(7, 14),
(7, 15),
(8, 16),
(8, 17),
(9, 18),
(9, 19),
(10, 20),
(10, 21),
(10, 22),
(10, 23),
(11, 24),
(11, 25),
(12, 5),
(12, 26),
(13, 6),
(13, 27),
(14, 21),
(14, 28),
(15, 7),
(15, 29),
(16, 21),
(16, 30),
(17, 6),
(17, 31),
(18, 32),
(18, 33),
(19, 34),
(19, 35),
(20, 35),
(21, 36),
(21, 37),
(22, 21),
(22, 38),
(23, 5),
(23, 39),
(24, 16),
(24, 40),
(25, 41),
(26, 35),
(26, 42),
(27, 43),
(27, 44),
(28, 14),
(28, 37),
(28, 45),
(29, 7),
(29, 46),
(30, 6),
(30, 47),
(31, 48),
(32, 49),
(32, 50),
(33, 51),
(34, 21),
(34, 52),
(35, 53),
(36, 54),
(37, 50),
(37, 55),
(38, 21),
(38, 56),
(39, 7),
(39, 57),
(40, 5),
(40, 58),
(41, 59),
(41, 60),
(42, 14),
(42, 61),
(43, 49),
(43, 62),
(43, 63),
(44, 21),
(44, 64),
(44, 65),
(45, 6),
(45, 66),
(46, 1),
(46, 3),
(46, 10),
(47, 21),
(47, 67),
(48, 11),
(48, 14),
(48, 68),
(49, 69),
(50, 21),
(50, 70),
(50, 71);

-- --------------------------------------------------------

--
-- 資料表結構 `steps`
--

CREATE TABLE `steps` (
  `step_id` bigint UNSIGNED NOT NULL,
  `recipe_id` int DEFAULT NULL,
  `step_order` int DEFAULT NULL,
  `description` text CHARACTER SET utf8mb4 COLLATE utf8mb4_general_ci,
  `image_url` varchar(255) CHARACTER SET utf8mb4 COLLATE utf8mb4_general_ci DEFAULT NULL
) ENGINE=InnoDB DEFAULT CHARSET=utf8mb4 COLLATE=utf8mb4_general_ci;

--
-- 傾印資料表的資料 `steps`
--

INSERT INTO `steps` (`step_id`, `recipe_id`, `step_order`, `description`, `image_url`) VALUES
(1, 1, 1, '準備一鍋滾水，加入適量鹽煮義大利麵至有嚼勁（約8-10分鐘）', 'null'),
(2, 1, 2, '同時，在平底鍋中以中火融化奶油並加入橄欖油', 'null'),
(3, 1, 3, '加入切碎的蒜頭，炒至金黃香氣四溢（約2分鐘）', 'null'),
(4, 1, 4, '將煮好的義大利麵瀝乾，保留約1/4杯煮麵水', 'null'),
(5, 1, 5, '將麵條加入蒜香奶油醬汁中翻炒均勻', 'null'),
(6, 1, 6, '加入少許煮麵水使醬汁更加濃稠順滑', 'null'),
(7, 1, 7, '最後撒上磨碎的帕馬森起司和現磨黑胡椒，拌勻即可上桌', 'null'),
(8, 2, 1, '將蝦子去殼去腸泥，備用', 'null'),
(9, 2, 2, '香茅切段，檸檬葉撕碎，辣椒切片，蘑菇切片備用', 'null'),
(10, 2, 3, '在鍋中加入高湯煮沸，加入香茅、檸檬葉和辣椒', 'null'),
(11, 2, 4, '煮10分鐘後加入蘑菇和蝦子，再煮約5分鐘', 'null'),
(12, 2, 5, '加入魚露和檸檬汁調味，依個人口味調整酸辣度', 'null'),
(13, 2, 6, '熄火，撒上切碎的香菜即可上桌', 'null'),
(14, 3, 1, '將雞腿去骨，用鹽和胡椒調味', 'null'),
(15, 3, 2, '在碗中混合醬油、味醂和糖製作醃料', 'null'),
(16, 3, 3, '加入切片的薑和壓碎的蒜頭', 'null'),
(17, 3, 4, '將雞腿放入醃料中，醃製至少30分鐘', 'null'),
(18, 3, 5, '中火加熱平底鍋，放入雞腿皮面朝下煎至金黃', 'null'),
(19, 3, 6, '翻面後倒入剩餘的醃料，蓋上鍋蓋燜煮約15分鐘', 'null'),
(20, 3, 7, '醬汁收濃後取出雞腿切片，淋上醬汁即可', 'null'),
(21, 4, 1, '蘑菇和洋蔥切碎，準備好所有材料', 'null'),
(22, 4, 2, '在鍋中融化奶油，加入洋蔥炒至透明', 'null'),
(23, 4, 3, '加入蘑菇繼續炒至水分蒸發，香氣四溢', 'null'),
(24, 4, 4, '撒入麵粉炒至無粉味', 'null'),
(25, 4, 5, '慢慢加入雞高湯，不斷攪拌至湯變得濃稠', 'null'),
(26, 4, 6, '小火煮15分鐘後加入鮮奶油', 'null'),
(27, 4, 7, '用攪拌機打成細滑濃湯，最後加入松露油調味', 'null'),
(28, 4, 8, '上桌前在每碗湯上放上切片松露裝飾', 'null'),
(29, 5, 1, '年糕切片，浸泡在冷水中約10分鐘', 'null'),
(30, 5, 2, '蔥切段，洋蔥和紅蘿蔔切絲', 'null'),
(31, 5, 3, '熱鍋後加入少許油，爆香洋蔥和紅蘿蔔', 'null'),
(32, 5, 4, '加入韓式辣醬炒出香氣，加入糖和醬油調味', 'null'),
(33, 5, 5, '加入瀝乾的年糕，翻炒均勻', 'null'),
(34, 5, 6, '加入適量水，蓋上鍋蓋中小火煮至年糕變軟（約3-5分鐘）', 'null'),
(35, 5, 7, '加入蔥段，最後翻炒幾下即可上桌', 'null'),
(36, 6, 1, '豆腐切成小方塊，豬絞肉洗淨瀝乾', 'null'),
(37, 6, 2, '蔥、薑、蒜切碎備用', 'null'),
(38, 6, 3, '熱鍋後加入少許油，爆香蔥、薑、蒜', 'null'),
(39, 6, 4, '加入豬絞肉炒至變色', 'null'),
(40, 6, 5, '放入豆瓣醬炒出香氣，加入適量水', 'null'),
(41, 6, 6, '水滾後加入豆腐塊，小火煮約5分鐘', 'null'),
(42, 6, 7, '勾芡後撒上花椒粉、蔥花和辣椒油即可', 'null'),
(43, 7, 1, '牛絞肉加入墨西哥辣椒粉及鹽調味', 'null'),
(44, 7, 2, '洋蔥和蒜頭切碎，番茄切丁', 'null'),
(45, 7, 3, '熱鍋加油，先炒香洋蔥和蒜頭', 'null'),
(46, 7, 4, '加入牛絞肉炒至變色，再加入番茄炒至出汁', 'null'),
(47, 7, 5, '玉米餅皮加熱後，鋪上炒好的牛肉餡', 'null'),
(48, 7, 6, '加上萵苣絲、起司絲和酸奶油', 'null'),
(49, 7, 7, '折疊或捲起餅皮即可食用', 'null'),
(50, 8, 1, '茄子切成片，撒上鹽去苦味，靜置15分鐘後擦乾', 'null'),
(51, 8, 2, '平底鍋加熱橄欖油，將茄子煎至兩面金黃', 'null'),
(52, 8, 3, '切碎的蒜頭炒香，加入番茄醬熬煮5分鐘', 'null'),
(53, 8, 4, '烤盤底部塗抹少許橄欖油，放入一層煎好的茄子', 'null'),
(54, 8, 5, '覆蓋一層番茄醬和馬蘇里拉起司片', 'null'),
(55, 8, 6, '重複上述步驟直至材料用完，最上層撒上帕馬森起司', 'null'),
(56, 8, 7, '放入180°C預熱烤箱，烤20分鐘至起司融化冒泡', 'null'),
(57, 8, 8, '撒上羅勒葉裝飾即可', 'null'),
(58, 9, 1, '把迷迭香和百里香洗淨，檸檬切片', 'null'),
(59, 9, 2, '鮭魚洗淨擦乾，用鹽和黑胡椒調味', 'null'),
(60, 9, 3, '在碗中混合橄欖油、檸檬汁和檸檬皮屑', 'null'),
(61, 9, 4, '將迷迭香、百里香和大蒜加入油中浸泡10分鐘', 'null'),
(62, 9, 5, '將調味油淋在鮭魚上，放置15分鐘', 'null'),
(63, 9, 6, '烤箱預熱至180°C，將鮭魚放入烤20分鐘左右', 'null'),
(64, 9, 7, '烤至魚肉呈半透明狀態即可取出上桌', 'null'),
(65, 10, 1, '準備派皮：麵粉加鹽混合，加入冷藏切塊的奶油', 'null'),
(66, 10, 2, '用手將奶油和麵粉混合成碎粒狀，加入冰水揉成麵團', 'null'),
(67, 10, 3, '麵團冷藏30分鐘後分成兩份，擀成派皮', 'null'),
(68, 10, 4, '蘋果去皮切片，加入糖、肉桂粉、檸檬汁和鹽拌勻', 'null'),
(69, 10, 5, '將一片派皮鋪在派盤上，倒入蘋果餡', 'null'),
(70, 10, 6, '蓋上另一片派皮，邊緣壓實，表面切幾道口', 'null'),
(71, 10, 7, '烤箱預熱至190°C，烤約45-50分鐘至金黃', 'null'),
(72, 10, 8, '取出冷卻後切片即可食用', 'null'),
(73, 11, 1, '將牛肉片切薄，牛骨熬高湯約3小時', 'null'),
(74, 11, 2, '高湯中加入切片的薑和洋蔥，熬煮30分鐘', 'null'),
(75, 11, 3, '河粉用沸水燙熟，瀝乾備用', 'null'),
(76, 11, 4, '豆芽燙熟備用', 'null'),
(77, 11, 5, '將熬好的高湯過濾，調整鹽味', 'null'),
(78, 11, 6, '碗中放入河粉、牛肉片、豆芽', 'null'),
(79, 11, 7, '淋上滾燙的高湯（牛肉會被燙熟）', 'null'),
(80, 11, 8, '撒上香菜、青蔥和辣椒即可食用', 'null'),
(81, 12, 1, '南瓜去皮切塊，洋蔥和胡蘿蔔切碎', 'null'),
(82, 12, 2, '鍋中融化奶油，炒香洋蔥', 'null'),
(83, 12, 3, '加入胡蘿蔔和南瓜，炒約3分鐘', 'null'),
(84, 12, 4, '加入雞高湯，蓋上鍋蓋煮至南瓜變軟（約20分鐘）', 'null'),
(85, 12, 5, '用攪拌機打成細滑濃湯', 'null'),
(86, 12, 6, '加入鮮奶油，鹽和黑胡椒調味', 'null'),
(87, 12, 7, '小火煮3分鐘至濃湯更加濃稠', 'null'),
(88, 12, 8, '分碗裝盛，可加些烤南瓜籽裝飾', 'null'),
(89, 13, 1, '將洋蔥、大蒜切碎，紅椒切丁', 'null'),
(90, 13, 2, '海鮮洗淨瀝乾備用', 'null'),
(91, 13, 3, '橄欖油熱鍋，炒香洋蔥和大蒜', 'null'),
(92, 13, 4, '加入圓米，炒至半透明', 'null'),
(93, 13, 5, '加入紅椒和番茄，繼續炒2分鐘', 'null'),
(94, 13, 6, '加入番紅花和魚高湯，煮至米飯吸收湯汁（約15分鐘）', 'null'),
(95, 13, 7, '放入海鮮，再煮約5分鐘至海鮮熟透', 'null'),
(96, 13, 8, '靜置5分鐘後即可上桌', 'null'),
(97, 14, 1, '咖啡加入少許糖，浸泡手指餅乾備用', 'null'),
(98, 14, 2, '蛋黃和糖打發至顏色變淺', 'null'),
(99, 14, 3, '加入馬斯卡彭起司攪拌均勻', 'null'),
(100, 14, 4, '在盤中鋪一層浸泡過的手指餅乾', 'null'),
(101, 14, 5, '覆蓋一層馬斯卡彭混合物', 'null'),
(102, 14, 6, '重複步驟直至材料用完，最上層為起司層', 'null'),
(103, 14, 7, '冷藏至少4小時或過夜', 'null'),
(104, 14, 8, '食用前撒上可可粉即可', 'null'),
(105, 15, 1, '雞肉切塊，洋蔥、薑和蒜頭切碎，番茄切丁', 'null'),
(106, 15, 2, '鍋中加油，爆香薑、蒜和洋蔥', 'null'),
(107, 15, 3, '加入雞肉炒至表面變色', 'null'),
(108, 15, 4, '撒入咖哩粉、薑黃粉和辣椒粉炒出香氣', 'null'),
(109, 15, 5, '加入番茄炒至出汁', 'null'),
(110, 15, 6, '加入足夠的水，蓋上鍋蓋煮約20分鐘', 'null'),
(111, 15, 7, '倒入椰奶，再煮約10分鐘至雞肉熟透', 'null'),
(112, 15, 8, '撒上切碎的香菜即可上桌', 'null'),
(113, 16, 1, '將麵粉、牛奶、雞蛋、融化的奶油、鹽和糖混合攪拌至光滑', 'null'),
(114, 16, 2, '靜置30分鐘讓麵糊更加順滑', 'null'),
(115, 16, 3, '平底鍋加熱，倒入一勺麵糊', 'null'),
(116, 16, 4, '迅速轉動鍋子使麵糊均勻鋪滿鍋底', 'null'),
(117, 16, 5, '小火煎至表面不再濕潤，翻面煎另一面', 'null'),
(118, 16, 6, '重複以上步驟直至麵糊用完', 'null'),
(119, 16, 7, '可依個人喜好加入甜或鹹的餡料卷起食用', 'null'),
(120, 17, 1, '壽司米洗淨，加水煮熟', 'null'),
(121, 17, 2, '熱米加入混合好的醋、糖、鹽調味，冷卻至室溫', 'null'),
(122, 17, 3, '魚肉處理成生魚片，黃瓜切條，牛油果切片', 'null'),
(123, 17, 4, '準備一碗水加少許醋，沾濕手以防米粘手', 'null'),
(124, 17, 5, '將少量壽司米捏成小飯團，上面放上魚片或其他配料', 'null'),
(125, 17, 6, '或將紫菜鋪在竹簾上，上面鋪一層薄薄的米飯', 'null'),
(126, 17, 7, '在米飯上放上配料，捲起並用竹簾壓緊', 'null'),
(127, 17, 8, '切成小段，搭配醬油、芥末和薑片食用', 'null'),
(128, 18, 1, '白蘿蔔磨成泥，瀝去多餘水分', 'null'),
(129, 18, 2, '泡好的香菇和蝦米切碎，香腸切丁', 'null'),
(130, 18, 3, '鍋中加油，炒香蔥、蒜、香菇、蝦米和香腸', 'null'),
(131, 18, 4, '加入白蘿蔔泥，翻炒均勻', 'null'),
(132, 18, 5, '加入在來米粉和醬油，拌勻', 'null'),
(133, 18, 6, '倒入方形容器中，蒸約30分鐘至完全熟透', 'null'),
(134, 18, 7, '冷卻後切片，可直接食用或煎至兩面金黃', 'null'),
(135, 19, 1, '牛絞肉加入麵包粉、雞蛋、切碎的洋蔥和壓碎的蒜頭，拌勻', 'null'),
(136, 19, 2, '分成4等份，捏成圓形扁平狀', 'null'),
(137, 19, 3, '平底鍋加熱，煎牛肉餅至兩面金黃，熟度依個人喜好', 'null'),
(138, 19, 4, '漢堡麵包切半，兩面稍微烤一下', 'null'),
(139, 19, 5, '麵包上塗抹美乃滋或番茄醬', 'null'),
(140, 19, 6, '放上漢堡肉、番茄片、萵苣和起司片', 'null'),
(141, 19, 7, '蓋上麵包頂即可食用', 'null'),
(142, 20, 1, '牛腩切塊，洗淨備用', 'null'),
(143, 20, 2, '洋蔥切丁，紅蘿蔔切塊，蒜頭切碎，番茄切丁', 'null'),
(144, 20, 3, '大鍋中加油，將牛腩煎至表面金黃', 'null'),
(145, 20, 4, '加入洋蔥和蒜頭炒香', 'null'),
(146, 20, 5, '加入紅椒粉炒出香氣，再加入番茄炒至出汁', 'null'),
(147, 20, 6, '加入紅蘿蔔和小紅辣椒，放入香料包', 'null'),
(148, 20, 7, '倒入牛高湯，蓋上鍋蓋小火燉約1.5小時至牛肉軟爛', 'null'),
(149, 20, 8, '調整鹽和胡椒味，取出香料包即可上桌', 'null'),
(150, 21, 1, '番茄和黃瓜切成塊，紅洋蔥切絲，青椒切塊', 'null'),
(151, 21, 2, '橄欖去核，羊奶起司切塊', 'null'),
(152, 21, 3, '將以上材料放入大碗中', 'null'),
(153, 21, 4, '特級初榨橄欖油和檸檬汁混合，加入鹽調味', 'null'),
(154, 21, 5, '將調味汁淋在沙拉上，輕輕拌勻', 'null'),
(155, 21, 6, '撒上乾燥oregano，靜置10分鐘讓風味融合', 'null'),
(156, 21, 7, '上桌前再輕輕拌勻即可', 'null'),
(157, 22, 1, '黑巧克力和奶油隔水融化，冷卻至溫熱', 'null'),
(158, 22, 2, '雞蛋和糖打發至體積膨脹，顏色變淺', 'null'),
(159, 22, 3, '將融化的巧克力醬倒入蛋糊中，輕輕拌勻', 'null'),
(160, 22, 4, '篩入麵粉和鹽，加入香草精，拌勻', 'null'),
(161, 22, 5, '將麵糊倒入已抹油的模具中，約八分滿', 'null'),
(162, 22, 6, '烤箱預熱至190°C，烤約12分鐘至表面有硬殼，內部仍呈液態', 'null'),
(163, 22, 7, '取出稍冷卻，扣出即可食用', 'null'),
(164, 23, 1, '豚骨湯頭煮沸後小火熬煮約1小時', 'null'),
(165, 23, 2, '叉燒肉切片，蔥切段，準備好其他配料', 'null'),
(166, 23, 3, '拉麵下入沸水煮約3分鐘至有嚼勁', 'null'),
(167, 23, 4, '瀝乾麵條，放入裝有熱湯頭的碗中', 'null'),
(168, 23, 5, '擺上叉燒肉、糖心蛋、筍乾、海苔', 'null'),
(169, 23, 6, '撒上蔥段，淋上蒜油即可食用', 'null'),
(170, 24, 1, '洋蔥、蒜頭、紅蘿蔔和芹菜切碎', 'null'),
(171, 24, 2, '平底鍋加油，炒香蔥、蒜', 'null'),
(172, 24, 3, '加入牛絞肉煎至變色，加入紅蘿蔔和芹菜', 'null'),
(173, 24, 4, '倒入番茄醬，小火煮約20分鐘至醬汁濃稠', 'null'),
(174, 24, 5, '另一鍋中製作貝夏美爾醬：奶油融化後加入麵粉炒至無粉味，慢慢加入牛奶攪拌至濃稠', 'null'),
(175, 24, 6, '在焗烤盤底部塗一層貝夏美爾醬，鋪一層千層麵皮', 'null'),
(176, 24, 7, '依序鋪上肉醬、貝夏美爾醬和起司，重複直至材料用完', 'null'),
(177, 24, 8, '最上層鋪滿起司，放入180°C烤箱烤約30分鐘至表面金黃', 'null'),
(178, 25, 1, '雞肉切塊，洋蔥、大蒜、薑、番茄、紅蘿蔔和薯仔切塊', 'null'),
(179, 25, 2, '橄欖去核，檸檬切片', 'null'),
(180, 25, 3, '鍋中加油，放入香料混合物炒出香氣', 'null'),
(181, 25, 4, '加入洋蔥、大蒜和薑炒香', 'null'),
(182, 25, 5, '放入雞肉炒至表面變色', 'null'),
(183, 25, 6, '加入其餘蔬菜、橄欖和檸檬片', 'null'),
(184, 25, 7, '倒入雞高湯，蓋上鍋蓋小火燉約1小時', 'null'),
(185, 25, 8, '調整鹽和胡椒味即可上桌', 'null'),
(186, 26, 1, '牛排室溫放置30分鐘，用紙巾擦乾表面', 'null'),
(187, 26, 2, '撒上鹽和黑胡椒調味', 'null'),
(188, 26, 3, '平底鍋加熱橄欖油，放入迷迭香和百里香', 'null'),
(189, 26, 4, '將牛排放入煎至兩面金黃，程度依個人喜好', 'null'),
(190, 26, 5, '取出牛排靜置', 'null'),
(191, 26, 6, '同一鍋中加入紅蔥頭和大蒜炒香', 'null'),
(192, 26, 7, '倒入紅酒，小火煮至酒精揮發，湯汁收濃', 'null'),
(193, 26, 8, '加入牛高湯和奶油，再次收汁，淋在牛排上即可', 'null'),
(194, 27, 1, '五花肉切小塊，洗淨備用', 'null'),
(195, 27, 2, '鍋中加水，放入冰糖小火熬至融化呈琥珀色', 'null'),
(196, 27, 3, '放入五花肉翻炒均勻，使每塊肉都裹上糖色', 'null'),
(197, 27, 4, '加入醬油、米酒、蔥段、薑片、八角和桂皮', 'null'),
(198, 27, 5, '加水至沒過食材，大火煮沸後轉小火', 'null'),
(199, 27, 6, '加入五香粉，蓋上鍋蓋慢燉約1小時', 'null'),
(200, 27, 7, '若有加入滷蛋，在最後20分鐘放入', 'null'),
(201, 27, 8, '熄火後繼續浸泡約30分鐘，取出即可食用', 'null'),
(202, 28, 1, '萵苣切絲，番茄和牛油果切丁，紅洋蔥切絲', 'null'),
(203, 28, 2, '萊姆汁和橄欖油混合，加入鹽調味', 'null'),
(204, 28, 3, '大碗中放入切好的蔬菜、玉米粒和黑豆', 'null'),
(205, 28, 4, '加入切丁的辣椒和切碎的香菜', 'null'),
(206, 28, 5, '將調味汁淋在沙拉上，輕輕拌勻', 'null'),
(207, 28, 6, '最後加入壓碎的玉米餅片，迅速拌勻即可食用', 'null'),
(208, 29, 1, '雞肉切塊，茄子、紅椒和青椒切塊', 'null'),
(209, 29, 2, '鍋中加油，爆香綠咖哩醬', 'null'),
(210, 29, 3, '加入雞肉翻炒至表面變色', 'null'),
(211, 29, 4, '加入茄子、紅椒和青椒，繼續炒2分鐘', 'null'),
(212, 29, 5, '倒入椰奶，加入青檸葉', 'null'),
(213, 29, 6, '大火煮沸後轉小火，煮至雞肉熟透，約20分鐘', 'null'),
(214, 29, 7, '加入魚露和棕櫚糖調味，最後撒上羅勒葉即可', 'null'),
(215, 30, 1, '洋蔥和大蒜切碎，海鮮洗淨備用', 'null'),
(216, 30, 2, '鍋中融化奶油，炒香洋蔥和大蒜', 'null'),
(217, 30, 3, '加入短米翻炒約2分鐘', 'null'),
(218, 30, 4, '倒入白酒，煮至酒精揮發', 'null'),
(219, 30, 5, '慢慢加入熱魚高湯，攪拌均勻，小火煮至米飯吸收湯汁', 'null'),
(220, 30, 6, '持續攪拌，每次湯汁快被吸收完時再加入一些，直到米飯變軟', 'null'),
(221, 30, 7, '放入海鮮，再煮約5分鐘至海鮮熟透', 'null'),
(222, 30, 8, '加入帕馬森起司和鹽、黑胡椒調味，靜置2分鐘即可上桌', 'null'),
(223, 31, 1, '泡菜切碎，瀝去多餘水分但保留部分泡菜汁', 'null'),
(224, 31, 2, '蔥切段，準備好其他配料', 'null'),
(225, 31, 3, '碗中混合麵粉、在來米粉、雞蛋和泡菜汁，加水調整至稀糊狀', 'null'),
(226, 31, 4, '加入切碎的泡菜、蔥段和可選的海鮮，拌勻', 'null'),
(227, 31, 5, '平底鍋加熱植物油，倒入麵糊', 'null'),
(228, 31, 6, '中小火煎至底面金黃酥脆後翻面', 'null'),
(229, 31, 7, '兩面都煎至金黃酥脆即可切塊上桌', 'null'),
(230, 32, 1, '豬里肌切成1.5cm厚度，用鹽和黑胡椒調味', 'null'),
(231, 32, 2, '依序將豬肉沾裹麵粉、打散的雞蛋和麵包粉', 'null'),
(232, 32, 3, '熱油鍋中，將裹好的豬肉炸至兩面金黃酥脆', 'null'),
(233, 32, 4, '取出瀝油，放在吸油紙上', 'null'),
(234, 32, 5, '高麗菜切絲，撒上少許鹽醃5分鐘後擠乾水分', 'null'),
(235, 32, 6, '醬油、味醂和糖混合調勻，製作醬汁', 'null'),
(236, 32, 7, '將炸好的豬排切條，搭配高麗菜絲和醬汁即可食用', 'null'),
(237, 33, 1, '中筋麵粉倒入大碗中，加入鹽混合均勻', 'null'),
(238, 33, 2, '慢慢倒入熱水，用筷子快速攪拌', 'null'),
(239, 33, 3, '待溫度降低一些後加入冷水，用手揉成光滑麵團', 'null'),
(240, 33, 4, '靜置30分鐘', 'null'),
(241, 33, 5, '將麵團分成小份，擀成薄圓形', 'null'),
(242, 33, 6, '表面刷上薄薄一層豬油，撒上蔥段', 'null'),
(243, 33, 7, '捲起後再捲成蝸牛狀，壓扁', 'null'),
(244, 33, 8, '擀成薄餅，熱鍋加油煎至兩面金黃酥脆即可', 'null'),
(245, 34, 1, '麵粉和鹽混合，加入冷藏奶油切塊', 'null'),
(246, 34, 2, '用手將麵粉和奶油揉成碎粒狀，加冰水揉成麵團', 'null'),
(247, 34, 3, '麵團冷藏30分鐘後擀成派皮，鋪入派盤', 'null'),
(248, 34, 4, '蛋黃和糖打發至體積膨脹，顏色變淺', 'null'),
(249, 34, 5, '加入檸檬汁、檸檬皮屑和香草精，拌勻', 'null'),
(250, 34, 6, '倒入派皮中，放入烤箱以180°C烤約30分鐘', 'null'),
(251, 34, 7, '表面呈金黃色且中心略微顫動即可取出', 'null'),
(252, 34, 8, '冷卻後冷藏至少2小時再食用', 'null'),
(253, 35, 1, '米粉泡軟，蝦仁煮熟去殼', 'null'),
(254, 35, 2, '黃瓜切條，薄荷葉和香菜洗淨', 'null'),
(255, 35, 3, '魚露、檸檬汁、紅辣椒和花生醬混合製作醬料', 'null'),
(256, 35, 4, '準備一碗溫水，浸泡米紙約10秒至軟化', 'null'),
(257, 35, 5, '將軟化的米紙平鋪在工作檯上', 'null'),
(258, 35, 6, '依序放上萵苣、米粉、蝦仁、黃瓜條、薄荷葉和香菜', 'null'),
(259, 35, 7, '將兩側摺向中間，再從底部捲起', 'null'),
(260, 35, 8, '重複步驟直至材料用完，搭配醬料食用', 'null'),
(261, 36, 1, '高筋麵粉、酵母、鹽和糖混合，慢', 'null');

-- --------------------------------------------------------

--
-- 資料表結構 `tags`
--

CREATE TABLE `tags` (
  `tag_id` bigint UNSIGNED NOT NULL,
  `name` varchar(30) CHARACTER SET utf8mb4 COLLATE utf8mb4_general_ci NOT NULL
) ENGINE=InnoDB DEFAULT CHARSET=utf8mb4 COLLATE=utf8mb4_general_ci;

--
-- 傾印資料表的資料 `tags`
--

INSERT INTO `tags` (`tag_id`, `name`) VALUES
(1, '奶油'),
(2, '大蒜'),
(3, '義大利麵'),
(4, '酸辣'),
(5, '湯品'),
(6, '海鮮'),
(7, '雞肉'),
(8, '照燒'),
(9, '松露'),
(10, '蘑菇'),
(11, '辣味'),
(12, '年糕'),
(13, '豆腐'),
(14, '墨西哥'),
(15, '塔可'),
(16, '焗烤'),
(17, '茄子'),
(18, '檸檬'),
(19, '魚類'),
(20, '烘焙'),
(21, '甜點'),
(22, '蘋果'),
(23, '肉桂'),
(24, '越南'),
(25, '河粉'),
(26, '南瓜'),
(27, '西班牙'),
(28, '提拉米蘇'),
(29, '咖哩'),
(30, '可麗餅'),
(31, '壽司'),
(32, '港式'),
(33, '蘿蔔糕'),
(34, '漢堡'),
(35, '牛肉'),
(36, '希臘'),
(37, '沙拉'),
(38, '巧克力'),
(39, '拉麵'),
(40, '千層麵'),
(41, '摩洛哥'),
(42, '牛排'),
(43, '台灣'),
(44, '滷肉'),
(45, '玉米'),
(46, '綠咖哩'),
(47, '燉飯'),
(48, '泡菜'),
(49, '炸物'),
(50, '豬肉'),
(51, '蔥油餅'),
(52, '檸檬塔'),
(53, '春捲'),
(54, '披薩'),
(55, '德式'),
(56, '起司蛋糕'),
(57, '親子丼'),
(58, '洋蔥湯'),
(59, '印尼'),
(60, '炒飯'),
(61, '辣椒豆湯'),
(62, '英式'),
(63, '薯條'),
(64, '抹茶'),
(65, '慕斯'),
(66, '辣豆腐鍋'),
(67, '舒芙蕾'),
(68, '捲餅'),
(69, '羊肉'),
(70, '比利時'),
(71, '鬆餅');

-- --------------------------------------------------------

--
-- 資料表結構 `users`
--

CREATE TABLE `users` (
  `user_id` int NOT NULL,
  `username` varchar(255) CHARACTER SET utf8mb4 COLLATE utf8mb4_general_ci NOT NULL,
  `password` varchar(255) CHARACTER SET utf8mb4 COLLATE utf8mb4_general_ci NOT NULL,
  `email` varchar(255) CHARACTER SET utf8mb4 COLLATE utf8mb4_general_ci NOT NULL,
  `first_name` varchar(255) CHARACTER SET utf8mb4 COLLATE utf8mb4_general_ci DEFAULT NULL,
  `last_name` varchar(255) CHARACTER SET utf8mb4 COLLATE utf8mb4_general_ci DEFAULT NULL,
  `phone_number` varchar(20) CHARACTER SET utf8mb4 COLLATE utf8mb4_general_ci DEFAULT NULL,
  `address` varchar(255) CHARACTER SET utf8mb4 COLLATE utf8mb4_general_ci DEFAULT NULL,
  `registration_date` timestamp NULL DEFAULT CURRENT_TIMESTAMP,
  `last_login` timestamp NULL DEFAULT NULL,
  `gender` enum('M','F','Other') CHARACTER SET utf8mb4 COLLATE utf8mb4_general_ci DEFAULT NULL,
  `birthday` date DEFAULT NULL,
  `account_status` enum('active','inactive','suspended') CHARACTER SET utf8mb4 COLLATE utf8mb4_general_ci DEFAULT 'active'
) ENGINE=InnoDB DEFAULT CHARSET=utf8mb4 COLLATE=utf8mb4_0900_ai_ci;

--
-- 傾印資料表的資料 `users`
--

INSERT INTO `users` (`user_id`, `username`, `password`, `email`, `first_name`, `last_name`, `phone_number`, `address`, `registration_date`, `last_login`, `gender`, `birthday`, `account_status`) VALUES
(1, 'john_doe', '123456', 'john.doe@example.com', '志明', '陳', '123-456-7890', '台北市信義區松仁路100號5樓', '2025-02-24 02:00:00', '2025-02-24 02:30:00', 'M', '1990-05-15', 'active'),
(2, 'jane_smith', 'abcdef', 'jane.smith@example.com', '美玲', '林', '987-654-3210', '新北市板橋區文化路168號12樓', '2025-02-24 02:05:00', '2025-02-24 03:00:00', 'F', '1985-11-22', 'inactive'),
(3, 'mark_jones', 'pass1234', 'mark.jones@example.com', '建宏', '張', '555-234-5678', '台中市西屯區台灣大道三段99號', '2025-02-24 02:10:00', '2025-02-24 04:00:00', 'M', '1992-03-09', 'active'),
(4, 'linda_white', 'qwerty', 'linda.white@example.com', '淑芬', '李', '555-876-5432', '高雄市前鎮區中山二路253號', '2025-02-24 02:15:00', '2025-02-24 05:00:00', 'F', '1988-08-11', 'suspended'),
(5, 'paul_black', '1234abcd', 'paul.black@example.com', '文龍', '黃', '555-987-6543', '台南市東區大學路1號', '2025-02-24 02:20:00', '2025-02-24 06:00:00', 'M', '1994-12-01', 'active'),
(6, 'anna_wilson', 'password1', 'anna.wilson@example.com', '雅婷', '吳', '555-345-6789', '桃園市中壢區中央西路三段67號', '2025-02-24 02:25:00', '2025-02-24 07:00:00', 'F', '1995-07-16', 'inactive'),
(7, 'george_miller', '123qwe', 'george.miller@example.com', '俊傑', '劉', '555-654-7890', '新竹市東區光復路二段101號', '2025-02-24 02:30:00', '2025-02-24 08:00:00', 'M', '1993-02-25', 'suspended'),
(8, 'susan_taylor', 'securepass', 'susan.taylor@example.com', '怡君', '王', '555-123-4567', '嘉義市西區民生路299號', '2025-02-24 02:35:00', '2025-02-24 09:00:00', 'F', '1987-01-10', 'active'),
(9, 'alex_thomas', 'alex123', 'alex.thomas@example.com', '偉誠', '蔡', '555-234-8901', '宜蘭縣宜蘭市中山路二段85號', '2025-02-24 02:40:00', '2025-02-24 10:00:00', 'M', '1991-09-04', 'active'),
(10, 'emily_clark', 'emily456', 'emily.clark@example.com', '佩珊', '楊', '555-987-1234', '花蓮縣花蓮市中正路528號', '2025-02-24 02:45:00', '2025-02-24 11:00:00', 'F', '1996-06-22', 'inactive'),
(11, 'kevin_hall', 'abc1234', 'kevin.hall@example.com', '家豪', '許', '555-765-4321', '屏東縣屏東市民生路300號', '2025-02-24 02:50:00', '2025-02-24 12:00:00', 'M', '1989-04-30', 'active'),
(12, 'olivia_scott', 'pass5678', 'olivia.scott@example.com', '雅雯', '鄭', '555-876-2345', '台東縣台東市中華路一段189號', '2025-02-24 02:55:00', '2025-02-24 13:00:00', 'F', '1992-05-25', 'suspended'),
(13, 'jason_davis', 'jason123', 'jason.davis@example.com', '志豪', '謝', '555-234-5678', '基隆市中正區中正路95號', '2025-02-24 03:00:00', '2025-02-24 14:00:00', 'M', '1990-02-14', 'active'),
(14, 'karen_roberts', 'karen7890', 'karen.roberts@example.com', '淑惠', '郭', '555-345-7890', '苗栗縣苗栗市中正路462號', '2025-02-24 03:05:00', '2025-02-24 15:00:00', 'F', '1987-12-10', 'inactive'),
(15, 'daniel_jackson', 'daniel123', 'daniel.jackson@example.com', '明哲', '周', '555-654-9876', '彰化縣彰化市中山路二段250號', '2025-02-24 03:10:00', '2025-02-24 16:00:00', 'M', '1993-07-18', 'active'),
(16, 'emily_martin', 'emilyabc', 'emily.martin@example.com', '麗華', '邱', '555-876-3456', '雲林縣斗六市雲林路二段135號', '2025-02-24 03:15:00', '2025-02-24 17:00:00', 'F', '1989-03-07', 'suspended'),
(17, 'christopher_lewis', 'christopher1', 'christopher.lewis@example.com', '宗翰', '曾', '555-987-6543', '南投縣南投市中興路323號', '2025-02-24 03:20:00', '2025-02-24 18:00:00', 'M', '1994-11-11', 'active'),
(18, 'amanda_walker', 'amanda1234', 'amanda.walker@example.com', '佳穎', '趙', '555-234-8902', '新竹縣竹北市光明六路東一段77號', '2025-02-24 03:25:00', '2025-02-24 19:00:00', 'F', '1992-01-30', 'active'),
(19, 'ryan_white', 'ryan9876', 'ryan.white@example.com', '世明', '歐陽', '555-765-4322', '澎湖縣馬公市中華路56號', '2025-02-24 03:30:00', '2025-02-24 20:00:00', 'M', '1991-06-18', 'suspended'),
(20, 'natalie_harris', 'natalie5678', 'natalie.harris@example.com', '欣怡', '何', '555-876-1234', '金門縣金城鎮民生路42號', '2025-02-24 03:35:00', '2025-02-24 21:00:00', 'F', '1995-10-07', 'inactive'),
(21, 'benjamin_wright', 'benjamin123', 'benjamin.wright@example.com', '俊賢', '蕭', '555-987-6543', '台北市大安區復興南路一段333號', '2025-02-24 03:40:00', '2025-02-24 22:00:00', 'M', '1992-09-11', 'active'),
(22, 'olivia_king', 'oliviaabc', 'olivia.king@example.com', '詩涵', '徐', '555-234-5678', '新北市淡水區英專路151號', '2025-02-24 03:45:00', '2025-02-24 23:00:00', 'F', '1994-12-23', 'active'),
(23, 'tyler_johnson', 'tyler123', 'tyler.johnson@example.com', '冠宇', '朱', '555-876-3456', '台中市北區三民路三段89號', '2025-02-24 03:50:00', '2025-02-25 00:00:00', 'M', '1990-02-08', 'suspended'),
(24, 'grace_brown', 'grace456', 'grace.brown@example.com', '雅琪', '宋', '555-987-7654', '高雄市鼓山區美術館路80號', '2025-02-24 03:55:00', '2025-02-25 01:00:00', 'F', '1987-11-19', 'active'),
(25, 'patrick_green', 'patrick123', 'patrick.green@example.com', '正雄', '馬', '555-234-6789', '台南市安平區建平路236號', '2025-02-24 04:00:00', '2025-02-25 02:00:00', 'M', '1993-04-02', 'active'),
(26, 'melissa_adams', 'melissa5678', 'melissa.adams@example.com', '芳瑜', '鄧', '555-765-4321', '桃園市龜山區文化一路250號', '2025-02-24 04:05:00', '2025-02-25 03:00:00', 'F', '1990-08-30', 'inactive'),
(27, 'james_clark', 'james123', 'james.clark@example.com', '至剛', '孫', '555-876-5432', '新竹市北區中正路218號', '2025-02-24 04:10:00', '2025-02-25 04:00:00', 'M', '1989-05-19', 'suspended'),
(28, 'sarah_lee', 'sarah1234', 'sarah.lee@example.com', '雅慧', '胡', '555-234-5678', '嘉義市東區中正路210號', '2025-02-24 04:15:00', '2025-02-25 05:00:00', 'F', '1991-07-04', 'active'),
(29, 'adam_wilson', 'adam5678', 'adam.wilson@example.com', '政宏', '林', '555-987-6543', '宜蘭縣礁溪鄉礁溪路四段128號', '2025-02-24 04:20:00', '2025-02-25 06:00:00', 'M', '1992-02-15', 'active'),
(30, 'elizabeth_moore', 'elizabeth123', 'elizabeth.moore@example.com', '秀英', '陸', '555-234-5678', '花蓮縣花蓮市中山路一段190號', '2025-02-24 04:25:00', '2025-02-25 07:00:00', 'F', '1995-11-18', 'active'),
(31, 'michael_james', 'michael7890', 'michael.james@example.com', '建志', '韓', '555-765-4321', '屏東縣屏東市民族路586號', '2025-02-24 04:30:00', '2025-02-25 08:00:00', 'M', '1986-01-12', 'suspended'),
(32, 'julie_taylor', 'julie123', 'julie.taylor@example.com', '曉玲', '江', '555-987-6543', '台東縣台東市更生路52號', '2025-02-24 04:35:00', '2025-02-25 09:00:00', 'F', '1993-02-09', 'active'),
(33, 'charles_martin', 'charles5678', 'charles.martin@example.com', '志偉', '董', '555-234-6789', '基隆市信義區深溪路36號', '2025-02-24 04:40:00', '2025-02-25 10:00:00', 'M', '1990-07-22', 'inactive'),
(34, 'maria_anderson', 'maria1234', 'maria.anderson@example.com', '美華', '柯', '555-876-5432', '苗栗縣頭份市信東路59號', '2025-02-24 04:45:00', '2025-02-25 11:00:00', 'F', '1988-12-04', 'active'),
(35, 'thomas_jackson', 'thomas1234', 'thomas.jackson@example.com', '俊豪', '唐', '555-987-6543', '彰化縣員林市三民街143號', '2025-02-24 04:50:00', '2025-02-25 12:00:00', 'M', '1991-04-05', 'suspended'),
(36, 'katherine_harris', 'katherine5678', 'katherine.harris@example.com', '惠如', '傅', '555-234-5678', '雲林縣斗六市雲林路三段257號', '2025-02-24 04:55:00', '2025-02-25 13:00:00', 'F', '1995-10-12', 'active'),
(37, 'gregory_smith', 'gregory123', 'gregory.smith@example.com', '志強', '呂', '555-765-4321', '南投縣草屯鎮博愛路228號', '2025-02-24 05:00:00', '2025-02-25 14:00:00', 'M', '1992-08-14', 'inactive'),
(38, 'veronica_jones', 'veronica1234', 'veronica.jones@example.com', '靜怡', '薛', '555-987-6543', '新竹縣湖口鄉中正路一段145號', '2025-02-24 05:05:00', '2025-02-25 15:00:00', 'F', '1993-05-02', 'suspended'),
(39, 'danielle_white', 'danielle5678', 'danielle.white@example.com', '佳瑩', '賴', '555-234-5678', '澎湖縣馬公市新生路25號', '2025-02-24 05:10:00', '2025-02-25 16:00:00', 'F', '1990-12-21', 'active'),
(40, 'julian_black', 'julian1234', 'julian.black@example.com', '威廷', '龔', '555-765-4321', '金門縣金城鎮民權路77號', '2025-02-24 05:15:00', '2025-02-25 17:00:00', 'M', '1988-11-03', 'active'),
(41, 'vernon_clark', 'vernon5678', 'vernon.clark@example.com', '柏宏', '方', '555-876-5432', '台北市中山區南京東路二段108號', '2025-02-24 05:20:00', '2025-02-25 18:00:00', 'M', '1992-06-29', 'active'),
(42, 'stephanie_smith', 'stephanie1234', 'stephanie.smith@example.com', '映潔', '白', '555-234-5678', '新北市三峽區大學路158號', '2025-02-24 05:25:00', '2025-02-25 19:00:00', 'F', '1991-08-09', 'suspended'),
(43, 'justin_williams', 'justin123', 'justin.williams@example.com', '明翰', '丁', '555-987-6543', '台中市南區復興路一段359號', '2025-02-24 05:30:00', '2025-02-25 20:00:00', 'M', '1989-09-18', 'active'),
(44, 'heather_morris', 'heather1234', 'heather.morris@example.com', '雅芳', '石', '555-765-4321', '高雄市苓雅區五福一路89號', '2025-02-24 05:35:00', '2025-02-25 21:00:00', 'F', '1993-10-21', 'suspended'),
(45, 'steven_jones', 'steven1234', 'steven.jones@example.com', '志文', '古', '555-234-5678', '台南市北區開元路256號', '2025-02-24 05:40:00', '2025-02-25 22:00:00', 'M', '1992-03-28', 'active'),
(46, 'julia_roberts', 'julia123', 'julia.roberts@example.com', '美玉', '龍', '555-987-6543', '桃園市平鎮區環南路二段295號', '2025-02-24 05:45:00', '2025-02-25 23:00:00', 'F', '1991-05-11', 'inactive'),
(47, 'barbara_wilson', 'barbara5678', 'barbara.wilson@example.com', '玉蘭', '符', '555-765-4321', '新竹市香山區中華路五段122號', '2025-02-24 05:50:00', '2025-02-26 00:00:00', 'F', '1988-10-01', 'active'),
(48, 'henry_brown', 'henry1234', 'henry.brown@example.com', '家榮', '范', '555-234-5678', '嘉義市西區興業西路369號', '2025-02-24 05:55:00', '2025-02-26 01:00:00', 'M', '1994-12-15', 'inactive'),
(49, 'laura_scott', 'laura5678', 'laura.scott@example.com', '雅文', '盧', '555-987-6543', '宜蘭縣羅東鎮興東路195號', '2025-02-24 06:00:00', '2025-02-26 02:00:00', 'F', '1992-09-08', 'active'),
(50, 'william_miller', 'william1234', 'william.miller@example.com', '志成', '藍', '555-234-5678', '花蓮縣吉安鄉中華路二段175號', '2025-02-24 06:05:00', '2025-02-26 03:00:00', 'M', '1987-04-13', 'active');

--
-- 已傾印資料表的索引
--

--
-- 資料表索引 `carts`
--
ALTER TABLE `carts`
  ADD PRIMARY KEY (`cart_id`),
  ADD KEY `idx_user` (`user_id`),
  ADD KEY `idx_product` (`product_id`);

--
-- 資料表索引 `categories`
--
ALTER TABLE `categories`
  ADD PRIMARY KEY (`category_id`);

--
-- 資料表索引 `chatmessages`
--
ALTER TABLE `chatmessages`
  ADD PRIMARY KEY (`id`),
  ADD KEY `user_id` (`user_id`);

--
-- 資料表索引 `contactus`
--
ALTER TABLE `contactus`
  ADD PRIMARY KEY (`id`);

--
-- 資料表索引 `food_products`
--
ALTER TABLE `food_products`
  ADD PRIMARY KEY (`product_id`),
  ADD KEY `idx_category` (`category`);

--
-- 資料表索引 `ingredients`
--
ALTER TABLE `ingredients`
  ADD PRIMARY KEY (`ingredient_id`),
  ADD UNIQUE KEY `ingredient_id` (`ingredient_id`);

--
-- 資料表索引 `members`
--
ALTER TABLE `members`
  ADD PRIMARY KEY (`member_id`),
  ADD UNIQUE KEY `email` (`email`);

--
-- 資料表索引 `orders`
--
ALTER TABLE `orders`
  ADD PRIMARY KEY (`order_id`),
  ADD KEY `user_id` (`user_id`);

--
-- 資料表索引 `order_items`
--
ALTER TABLE `order_items`
  ADD PRIMARY KEY (`order_item_id`),
  ADD KEY `order_id` (`order_id`),
  ADD KEY `product_id` (`product_id`);

--
-- 資料表索引 `product_reviews`
--
ALTER TABLE `product_reviews`
  ADD PRIMARY KEY (`review_id`),
  ADD KEY `product_id` (`product_id`);

--
-- 資料表索引 `qanda`
--
ALTER TABLE `qanda`
  ADD PRIMARY KEY (`id`);

--
-- 資料表索引 `recipes`
--
ALTER TABLE `recipes`
  ADD PRIMARY KEY (`recipe_id`),
  ADD UNIQUE KEY `recipe_id` (`recipe_id`);

--
-- 資料表索引 `recipe_categories`
--
ALTER TABLE `recipe_categories`
  ADD PRIMARY KEY (`recipe_id`,`category_id`);

--
-- 資料表索引 `recipe_images`
--
ALTER TABLE `recipe_images`
  ADD PRIMARY KEY (`image_id`),
  ADD UNIQUE KEY `image_id` (`image_id`);

--
-- 資料表索引 `recipe_tags`
--
ALTER TABLE `recipe_tags`
  ADD PRIMARY KEY (`recipe_id`,`tag_id`);

--
-- 資料表索引 `steps`
--
ALTER TABLE `steps`
  ADD PRIMARY KEY (`step_id`),
  ADD UNIQUE KEY `step_id` (`step_id`);

--
-- 資料表索引 `tags`
--
ALTER TABLE `tags`
  ADD PRIMARY KEY (`tag_id`),
  ADD UNIQUE KEY `tag_id` (`tag_id`);

--
-- 資料表索引 `users`
--
ALTER TABLE `users`
  ADD PRIMARY KEY (`user_id`),
  ADD UNIQUE KEY `username` (`username`),
  ADD UNIQUE KEY `email` (`email`),
  ADD KEY `idx_email` (`email`),
  ADD KEY `idx_username` (`username`);

--
-- 在傾印的資料表使用自動遞增(AUTO_INCREMENT)
--

--
-- 使用資料表自動遞增(AUTO_INCREMENT) `carts`
--
ALTER TABLE `carts`
  MODIFY `cart_id` int NOT NULL AUTO_INCREMENT, AUTO_INCREMENT=51;

--
-- 使用資料表自動遞增(AUTO_INCREMENT) `categories`
--
ALTER TABLE `categories`
  MODIFY `category_id` int NOT NULL AUTO_INCREMENT, AUTO_INCREMENT=8;

--
-- 使用資料表自動遞增(AUTO_INCREMENT) `chatmessages`
--
ALTER TABLE `chatmessages`
  MODIFY `id` int NOT NULL AUTO_INCREMENT, AUTO_INCREMENT=51;

--
-- 使用資料表自動遞增(AUTO_INCREMENT) `contactus`
--
ALTER TABLE `contactus`
  MODIFY `id` int NOT NULL AUTO_INCREMENT, AUTO_INCREMENT=46;

--
-- 使用資料表自動遞增(AUTO_INCREMENT) `ingredients`
--
ALTER TABLE `ingredients`
  MODIFY `ingredient_id` bigint UNSIGNED NOT NULL AUTO_INCREMENT, AUTO_INCREMENT=456;

--
-- 使用資料表自動遞增(AUTO_INCREMENT) `members`
--
ALTER TABLE `members`
  MODIFY `member_id` int NOT NULL AUTO_INCREMENT, AUTO_INCREMENT=9;

--
-- 使用資料表自動遞增(AUTO_INCREMENT) `orders`
--
ALTER TABLE `orders`
  MODIFY `order_id` int NOT NULL AUTO_INCREMENT, AUTO_INCREMENT=7030;

--
-- 使用資料表自動遞增(AUTO_INCREMENT) `order_items`
--
ALTER TABLE `order_items`
  MODIFY `order_item_id` int NOT NULL AUTO_INCREMENT, AUTO_INCREMENT=89;

--
-- 使用資料表自動遞增(AUTO_INCREMENT) `product_reviews`
--
ALTER TABLE `product_reviews`
  MODIFY `review_id` int NOT NULL AUTO_INCREMENT, AUTO_INCREMENT=162;

--
-- 使用資料表自動遞增(AUTO_INCREMENT) `qanda`
--
ALTER TABLE `qanda`
  MODIFY `id` int NOT NULL AUTO_INCREMENT, AUTO_INCREMENT=11;

--
-- 使用資料表自動遞增(AUTO_INCREMENT) `recipes`
--
ALTER TABLE `recipes`
  MODIFY `recipe_id` bigint UNSIGNED NOT NULL AUTO_INCREMENT, AUTO_INCREMENT=51;

--
-- 使用資料表自動遞增(AUTO_INCREMENT) `recipe_images`
--
ALTER TABLE `recipe_images`
  MODIFY `image_id` bigint UNSIGNED NOT NULL AUTO_INCREMENT, AUTO_INCREMENT=99;

--
-- 使用資料表自動遞增(AUTO_INCREMENT) `steps`
--
ALTER TABLE `steps`
  MODIFY `step_id` bigint UNSIGNED NOT NULL AUTO_INCREMENT, AUTO_INCREMENT=262;

--
-- 使用資料表自動遞增(AUTO_INCREMENT) `tags`
--
ALTER TABLE `tags`
  MODIFY `tag_id` bigint UNSIGNED NOT NULL AUTO_INCREMENT, AUTO_INCREMENT=72;

--
-- 使用資料表自動遞增(AUTO_INCREMENT) `users`
--
ALTER TABLE `users`
  MODIFY `user_id` int NOT NULL AUTO_INCREMENT, AUTO_INCREMENT=51;

--
-- 已傾印資料表的限制式
--

--
-- 資料表的限制式 `carts`
--
ALTER TABLE `carts`
  ADD CONSTRAINT `carts_ibfk_1` FOREIGN KEY (`user_id`) REFERENCES `users` (`user_id`),
  ADD CONSTRAINT `carts_ibfk_2` FOREIGN KEY (`product_id`) REFERENCES `food_products` (`product_id`);
COMMIT;

/*!40101 SET CHARACTER_SET_CLIENT=@OLD_CHARACTER_SET_CLIENT */;
/*!40101 SET CHARACTER_SET_RESULTS=@OLD_CHARACTER_SET_RESULTS */;
/*!40101 SET COLLATION_CONNECTION=@OLD_COLLATION_CONNECTION */;
